일자,점포,카테고리,상품코드,상품명,판매수량,정상단가,할인액,매출액,행사적용
2026-08-01,센트럴점,냉장 간편식,RM-101,한끼 소불고기덮밥,44,5900,0,259600,N
2026-08-01,센트럴점,냉장 간편식,RM-102,매콤 닭갈비볶음밥,49,5500,0,269500,N
2026-08-01,센트럴점,냉장 간편식,RM-103,훈제오리 샐러드랩,58,6200,0,359600,N
2026-08-01,센트럴점,냉장 간편식,RM-104,우삼겹 된장찌개,46,6800,0,312800,N
2026-08-01,센트럴점,냉장 간편식,RM-105,새우 로제파스타,46,7200,0,331200,N
2026-08-01,센트럴점,냉장 간편식,RM-106,닭가슴살 곤약비빔밥,51,5200,0,265200,N
2026-08-01,센트럴점,신선식품,FR-201,국내산 삼겹살 500g,24,13900,0,333600,N
2026-08-01,센트럴점,신선식품,FR-202,친환경 방울토마토,33,4900,0,161700,N
2026-08-01,센트럴점,신선식품,FR-203,손질 갈치 2미,31,9800,0,303800,N
2026-08-01,센트럴점,유제품,DR-301,1A 우유 900mL,44,3200,0,140800,N
2026-08-01,센트럴점,유제품,DR-302,그릭요거트 4입,40,6900,0,276000,N
2026-08-01,센트럴점,유제품,DR-303,체다 슬라이스 치즈,36,5400,0,194400,N
2026-08-01,센트럴점,가공식품,PR-401,프리미엄 즉석밥 12입,22,12900,0,283800,N
2026-08-01,센트럴점,가공식품,PR-402,저염 참치캔 6입,20,11500,0,230000,N
2026-08-01,센트럴점,가공식품,PR-403,국물용 멸치 200g,26,8900,0,231400,N
2026-08-01,센트럴점,음료,BV-501,탄산수 500mL 6입,30,4500,0,135000,N
2026-08-01,센트럴점,음료,BV-502,콜드브루 아메리카노,40,3800,0,152000,N
2026-08-01,센트럴점,음료,BV-503,제주 감귤주스 1L,32,5600,0,179200,N
2026-08-01,센트럴점,생활용품,LV-601,3겹 화장지 30롤,18,15900,0,286200,N
2026-08-01,센트럴점,생활용품,LV-602,주방세제 리필 2입,13,6700,0,87100,N
2026-08-01,리버점,냉장 간편식,RM-101,한끼 소불고기덮밥,34,5900,0,200600,N
2026-08-01,리버점,냉장 간편식,RM-102,매콤 닭갈비볶음밥,31,5500,0,170500,N
2026-08-01,리버점,냉장 간편식,RM-103,훈제오리 샐러드랩,29,6200,0,179800,N
2026-08-01,리버점,냉장 간편식,RM-104,우삼겹 된장찌개,28,6800,0,190400,N
2026-08-01,리버점,냉장 간편식,RM-105,새우 로제파스타,33,7200,0,237600,N
2026-08-01,리버점,냉장 간편식,RM-106,닭가슴살 곤약비빔밥,36,5200,0,187200,N
2026-08-01,리버점,신선식품,FR-201,국내산 삼겹살 500g,19,13900,0,264100,N
2026-08-01,리버점,신선식품,FR-202,친환경 방울토마토,22,4900,0,107800,N
2026-08-01,리버점,신선식품,FR-203,손질 갈치 2미,16,9800,0,156800,N
2026-08-01,리버점,유제품,DR-301,1A 우유 900mL,27,3200,0,86400,N
2026-08-01,리버점,유제품,DR-302,그릭요거트 4입,24,6900,0,165600,N
2026-08-01,리버점,유제품,DR-303,체다 슬라이스 치즈,28,5400,0,151200,N
2026-08-01,리버점,가공식품,PR-401,프리미엄 즉석밥 12입,12,12900,0,154800,N
2026-08-01,리버점,가공식품,PR-402,저염 참치캔 6입,17,11500,0,195500,N
2026-08-01,리버점,가공식품,PR-403,국물용 멸치 200g,13,8900,0,115700,N
2026-08-01,리버점,음료,BV-501,탄산수 500mL 6입,24,4500,0,108000,N
2026-08-01,리버점,음료,BV-502,콜드브루 아메리카노,25,3800,0,95000,N
2026-08-01,리버점,음료,BV-503,제주 감귤주스 1L,22,5600,0,123200,N
2026-08-01,리버점,생활용품,LV-601,3겹 화장지 30롤,11,15900,0,174900,N
2026-08-01,리버점,생활용품,LV-602,주방세제 리필 2입,11,6700,0,73700,N
2026-08-01,파크점,냉장 간편식,RM-101,한끼 소불고기덮밥,37,5900,0,218300,N
2026-08-01,파크점,냉장 간편식,RM-102,매콤 닭갈비볶음밥,34,5500,0,187000,N
2026-08-01,파크점,냉장 간편식,RM-103,훈제오리 샐러드랩,35,6200,0,217000,N
2026-08-01,파크점,냉장 간편식,RM-104,우삼겹 된장찌개,44,6800,0,299200,N
2026-08-01,파크점,냉장 간편식,RM-105,새우 로제파스타,32,7200,0,230400,N
2026-08-01,파크점,냉장 간편식,RM-106,닭가슴살 곤약비빔밥,35,5200,0,182000,N
2026-08-01,파크점,신선식품,FR-201,국내산 삼겹살 500g,21,13900,0,291900,N
2026-08-01,파크점,신선식품,FR-202,친환경 방울토마토,22,4900,0,107800,N
2026-08-01,파크점,신선식품,FR-203,손질 갈치 2미,22,9800,0,215600,N
2026-08-01,파크점,유제품,DR-301,1A 우유 900mL,28,3200,0,89600,N
2026-08-01,파크점,유제품,DR-302,그릭요거트 4입,34,6900,0,234600,N
2026-08-01,파크점,유제품,DR-303,체다 슬라이스 치즈,29,5400,0,156600,N
2026-08-01,파크점,가공식품,PR-401,프리미엄 즉석밥 12입,19,12900,0,245100,N
2026-08-01,파크점,가공식품,PR-402,저염 참치캔 6입,17,11500,0,195500,N
2026-08-01,파크점,가공식품,PR-403,국물용 멸치 200g,16,8900,0,142400,N
2026-08-01,파크점,음료,BV-501,탄산수 500mL 6입,26,4500,0,117000,N
2026-08-01,파크점,음료,BV-502,콜드브루 아메리카노,23,3800,0,87400,N
2026-08-01,파크점,음료,BV-503,제주 감귤주스 1L,22,5600,0,123200,N
2026-08-01,파크점,생활용품,LV-601,3겹 화장지 30롤,10,15900,0,159000,N
2026-08-01,파크점,생활용품,LV-602,주방세제 리필 2입,11,6700,0,73700,N
2026-08-02,센트럴점,냉장 간편식,RM-101,한끼 소불고기덮밥,42,5900,0,247800,N
2026-08-02,센트럴점,냉장 간편식,RM-102,매콤 닭갈비볶음밥,36,5500,0,198000,N
2026-08-02,센트럴점,냉장 간편식,RM-103,훈제오리 샐러드랩,51,6200,0,316200,N
2026-08-02,센트럴점,냉장 간편식,RM-104,우삼겹 된장찌개,46,6800,0,312800,N
2026-08-02,센트럴점,냉장 간편식,RM-105,새우 로제파스타,50,7200,0,360000,N
2026-08-02,센트럴점,냉장 간편식,RM-106,닭가슴살 곤약비빔밥,45,5200,0,234000,N
2026-08-02,센트럴점,신선식품,FR-201,국내산 삼겹살 500g,25,13900,0,347500,N
2026-08-02,센트럴점,신선식품,FR-202,친환경 방울토마토,28,4900,0,137200,N
2026-08-02,센트럴점,신선식품,FR-203,손질 갈치 2미,28,9800,0,274400,N
2026-08-02,센트럴점,유제품,DR-301,1A 우유 900mL,39,3200,0,124800,N
2026-08-02,센트럴점,유제품,DR-302,그릭요거트 4입,30,6900,0,207000,N
2026-08-02,센트럴점,유제품,DR-303,체다 슬라이스 치즈,39,5400,0,210600,N
2026-08-02,센트럴점,가공식품,PR-401,프리미엄 즉석밥 12입,20,12900,0,258000,N
2026-08-02,센트럴점,가공식품,PR-402,저염 참치캔 6입,17,11500,0,195500,N
2026-08-02,센트럴점,가공식품,PR-403,국물용 멸치 200g,19,8900,0,169100,N
2026-08-02,센트럴점,음료,BV-501,탄산수 500mL 6입,35,4500,0,157500,N
2026-08-02,센트럴점,음료,BV-502,콜드브루 아메리카노,31,3800,0,117800,N
2026-08-02,센트럴점,음료,BV-503,제주 감귤주스 1L,33,5600,0,184800,N
2026-08-02,센트럴점,생활용품,LV-601,3겹 화장지 30롤,16,15900,0,254400,N
2026-08-02,센트럴점,생활용품,LV-602,주방세제 리필 2입,12,6700,0,80400,N
2026-08-02,리버점,냉장 간편식,RM-101,한끼 소불고기덮밥,27,5900,0,159300,N
2026-08-02,리버점,냉장 간편식,RM-102,매콤 닭갈비볶음밥,27,5500,0,148500,N
2026-08-02,리버점,냉장 간편식,RM-103,훈제오리 샐러드랩,30,6200,0,186000,N
2026-08-02,리버점,냉장 간편식,RM-104,우삼겹 된장찌개,24,6800,0,163200,N
2026-08-02,리버점,냉장 간편식,RM-105,새우 로제파스타,23,7200,0,165600,N
2026-08-02,리버점,냉장 간편식,RM-106,닭가슴살 곤약비빔밥,23,5200,0,119600,N
2026-08-02,리버점,신선식품,FR-201,국내산 삼겹살 500g,14,13900,0,194600,N
2026-08-02,리버점,신선식품,FR-202,친환경 방울토마토,13,4900,0,63700,N
2026-08-02,리버점,신선식품,FR-203,손질 갈치 2미,14,9800,0,137200,N
2026-08-02,리버점,유제품,DR-301,1A 우유 900mL,24,3200,0,76800,N
2026-08-02,리버점,유제품,DR-302,그릭요거트 4입,18,6900,0,124200,N
2026-08-02,리버점,유제품,DR-303,체다 슬라이스 치즈,24,5400,0,129600,N
2026-08-02,리버점,가공식품,PR-401,프리미엄 즉석밥 12입,12,12900,0,154800,N
2026-08-02,리버점,가공식품,PR-402,저염 참치캔 6입,12,11500,0,138000,N
2026-08-02,리버점,가공식품,PR-403,국물용 멸치 200g,11,8900,0,97900,N
2026-08-02,리버점,음료,BV-501,탄산수 500mL 6입,20,4500,0,90000,N
2026-08-02,리버점,음료,BV-502,콜드브루 아메리카노,22,3800,0,83600,N
2026-08-02,리버점,음료,BV-503,제주 감귤주스 1L,16,5600,0,89600,N
2026-08-02,리버점,생활용품,LV-601,3겹 화장지 30롤,8,15900,0,127200,N
2026-08-02,리버점,생활용품,LV-602,주방세제 리필 2입,10,6700,0,67000,N
2026-08-02,파크점,냉장 간편식,RM-101,한끼 소불고기덮밥,29,5900,0,171100,N
2026-08-02,파크점,냉장 간편식,RM-102,매콤 닭갈비볶음밥,34,5500,0,187000,N
2026-08-02,파크점,냉장 간편식,RM-103,훈제오리 샐러드랩,32,6200,0,198400,N
2026-08-02,파크점,냉장 간편식,RM-104,우삼겹 된장찌개,30,6800,0,204000,N
2026-08-02,파크점,냉장 간편식,RM-105,새우 로제파스타,37,7200,0,266400,N
2026-08-02,파크점,냉장 간편식,RM-106,닭가슴살 곤약비빔밥,27,5200,0,140400,N
2026-08-02,파크점,신선식품,FR-201,국내산 삼겹살 500g,18,13900,0,250200,N
2026-08-02,파크점,신선식품,FR-202,친환경 방울토마토,22,4900,0,107800,N
2026-08-02,파크점,신선식품,FR-203,손질 갈치 2미,20,9800,0,196000,N
2026-08-02,파크점,유제품,DR-301,1A 우유 900mL,27,3200,0,86400,N
2026-08-02,파크점,유제품,DR-302,그릭요거트 4입,23,6900,0,158700,N
2026-08-02,파크점,유제품,DR-303,체다 슬라이스 치즈,29,5400,0,156600,N
2026-08-02,파크점,가공식품,PR-401,프리미엄 즉석밥 12입,14,12900,0,180600,N
2026-08-02,파크점,가공식품,PR-402,저염 참치캔 6입,16,11500,0,184000,N
2026-08-02,파크점,가공식품,PR-403,국물용 멸치 200g,16,8900,0,142400,N
2026-08-02,파크점,음료,BV-501,탄산수 500mL 6입,22,4500,0,99000,N
2026-08-02,파크점,음료,BV-502,콜드브루 아메리카노,18,3800,0,68400,N
2026-08-02,파크점,음료,BV-503,제주 감귤주스 1L,24,5600,0,134400,N
2026-08-02,파크점,생활용품,LV-601,3겹 화장지 30롤,11,15900,0,174900,N
2026-08-02,파크점,생활용품,LV-602,주방세제 리필 2입,10,6700,0,67000,N
2026-08-03,센트럴점,냉장 간편식,RM-101,한끼 소불고기덮밥,39,5900,0,230100,N
2026-08-03,센트럴점,냉장 간편식,RM-102,매콤 닭갈비볶음밥,31,5500,0,170500,N
2026-08-03,센트럴점,냉장 간편식,RM-103,훈제오리 샐러드랩,36,6200,0,223200,N
2026-08-03,센트럴점,냉장 간편식,RM-104,우삼겹 된장찌개,38,6800,0,258400,N
2026-08-03,센트럴점,냉장 간편식,RM-105,새우 로제파스타,36,7200,0,259200,N
2026-08-03,센트럴점,냉장 간편식,RM-106,닭가슴살 곤약비빔밥,30,5200,0,156000,N
2026-08-03,센트럴점,신선식품,FR-201,국내산 삼겹살 500g,22,13900,0,305800,N
2026-08-03,센트럴점,신선식품,FR-202,친환경 방울토마토,20,4900,0,98000,N
2026-08-03,센트럴점,신선식품,FR-203,손질 갈치 2미,22,9800,0,215600,N
2026-08-03,센트럴점,유제품,DR-301,1A 우유 900mL,23,3200,0,73600,N
2026-08-03,센트럴점,유제품,DR-302,그릭요거트 4입,24,6900,0,165600,N
2026-08-03,센트럴점,유제품,DR-303,체다 슬라이스 치즈,29,5400,0,156600,N
2026-08-03,센트럴점,가공식품,PR-401,프리미엄 즉석밥 12입,13,12900,0,167700,N
2026-08-03,센트럴점,가공식품,PR-402,저염 참치캔 6입,15,11500,0,172500,N
2026-08-03,센트럴점,가공식품,PR-403,국물용 멸치 200g,13,8900,0,115700,N
2026-08-03,센트럴점,음료,BV-501,탄산수 500mL 6입,26,4500,0,117000,N
2026-08-03,센트럴점,음료,BV-502,콜드브루 아메리카노,19,3800,0,72200,N
2026-08-03,센트럴점,음료,BV-503,제주 감귤주스 1L,24,5600,0,134400,N
2026-08-03,센트럴점,생활용품,LV-601,3겹 화장지 30롤,10,15900,0,159000,N
2026-08-03,센트럴점,생활용품,LV-602,주방세제 리필 2입,12,6700,0,80400,N
2026-08-03,리버점,냉장 간편식,RM-101,한끼 소불고기덮밥,18,5900,0,106200,N
2026-08-03,리버점,냉장 간편식,RM-102,매콤 닭갈비볶음밥,21,5500,0,115500,N
2026-08-03,리버점,냉장 간편식,RM-103,훈제오리 샐러드랩,21,6200,0,130200,N
2026-08-03,리버점,냉장 간편식,RM-104,우삼겹 된장찌개,20,6800,0,136000,N
2026-08-03,리버점,냉장 간편식,RM-105,새우 로제파스타,23,7200,0,165600,N
2026-08-03,리버점,냉장 간편식,RM-106,닭가슴살 곤약비빔밥,20,5200,0,104000,N
2026-08-03,리버점,신선식품,FR-201,국내산 삼겹살 500g,12,13900,0,166800,N
2026-08-03,리버점,신선식품,FR-202,친환경 방울토마토,13,4900,0,63700,N
2026-08-03,리버점,신선식품,FR-203,손질 갈치 2미,12,9800,0,117600,N
2026-08-03,리버점,유제품,DR-301,1A 우유 900mL,18,3200,0,57600,N
2026-08-03,리버점,유제품,DR-302,그릭요거트 4입,14,6900,0,96600,N
2026-08-03,리버점,유제품,DR-303,체다 슬라이스 치즈,17,5400,0,91800,N
2026-08-03,리버점,가공식품,PR-401,프리미엄 즉석밥 12입,9,12900,0,116100,N
2026-08-03,리버점,가공식품,PR-402,저염 참치캔 6입,11,11500,0,126500,N
2026-08-03,리버점,가공식품,PR-403,국물용 멸치 200g,9,8900,0,80100,N
2026-08-03,리버점,음료,BV-501,탄산수 500mL 6입,17,4500,0,76500,N
2026-08-03,리버점,음료,BV-502,콜드브루 아메리카노,15,3800,0,57000,N
2026-08-03,리버점,음료,BV-503,제주 감귤주스 1L,15,5600,0,84000,N
2026-08-03,리버점,생활용품,LV-601,3겹 화장지 30롤,6,15900,0,95400,N
2026-08-03,리버점,생활용품,LV-602,주방세제 리필 2입,6,6700,0,40200,N
2026-08-03,파크점,냉장 간편식,RM-101,한끼 소불고기덮밥,24,5900,0,141600,N
2026-08-03,파크점,냉장 간편식,RM-102,매콤 닭갈비볶음밥,27,5500,0,148500,N
2026-08-03,파크점,냉장 간편식,RM-103,훈제오리 샐러드랩,27,6200,0,167400,N
2026-08-03,파크점,냉장 간편식,RM-104,우삼겹 된장찌개,27,6800,0,183600,N
2026-08-03,파크점,냉장 간편식,RM-105,새우 로제파스타,24,7200,0,172800,N
2026-08-03,파크점,냉장 간편식,RM-106,닭가슴살 곤약비빔밥,23,5200,0,119600,N
2026-08-03,파크점,신선식품,FR-201,국내산 삼겹살 500g,14,13900,0,194600,N
2026-08-03,파크점,신선식품,FR-202,친환경 방울토마토,12,4900,0,58800,N
2026-08-03,파크점,신선식품,FR-203,손질 갈치 2미,15,9800,0,147000,N
2026-08-03,파크점,유제품,DR-301,1A 우유 900mL,17,3200,0,54400,N
2026-08-03,파크점,유제품,DR-302,그릭요거트 4입,21,6900,0,144900,N
2026-08-03,파크점,유제품,DR-303,체다 슬라이스 치즈,23,5400,0,124200,N
2026-08-03,파크점,가공식품,PR-401,프리미엄 즉석밥 12입,11,12900,0,141900,N
2026-08-03,파크점,가공식품,PR-402,저염 참치캔 6입,10,11500,0,115000,N
2026-08-03,파크점,가공식품,PR-403,국물용 멸치 200g,10,8900,0,89000,N
2026-08-03,파크점,음료,BV-501,탄산수 500mL 6입,19,4500,0,85500,N
2026-08-03,파크점,음료,BV-502,콜드브루 아메리카노,18,3800,0,68400,N
2026-08-03,파크점,음료,BV-503,제주 감귤주스 1L,16,5600,0,89600,N
2026-08-03,파크점,생활용품,LV-601,3겹 화장지 30롤,8,15900,0,127200,N
2026-08-03,파크점,생활용품,LV-602,주방세제 리필 2입,7,6700,0,46900,N
2026-08-04,센트럴점,냉장 간편식,RM-101,한끼 소불고기덮밥,32,5900,0,188800,N
2026-08-04,센트럴점,냉장 간편식,RM-102,매콤 닭갈비볶음밥,29,5500,0,159500,N
2026-08-04,센트럴점,냉장 간편식,RM-103,훈제오리 샐러드랩,33,6200,0,204600,N
2026-08-04,센트럴점,냉장 간편식,RM-104,우삼겹 된장찌개,34,6800,0,231200,N
2026-08-04,센트럴점,냉장 간편식,RM-105,새우 로제파스타,34,7200,0,244800,N
2026-08-04,센트럴점,냉장 간편식,RM-106,닭가슴살 곤약비빔밥,29,5200,0,150800,N
2026-08-04,센트럴점,신선식품,FR-201,국내산 삼겹살 500g,16,13900,0,222400,N
2026-08-04,센트럴점,신선식품,FR-202,친환경 방울토마토,21,4900,0,102900,N
2026-08-04,센트럴점,신선식품,FR-203,손질 갈치 2미,17,9800,0,166600,N
2026-08-04,센트럴점,유제품,DR-301,1A 우유 900mL,27,3200,0,86400,N
2026-08-04,센트럴점,유제품,DR-302,그릭요거트 4입,28,6900,0,193200,N
2026-08-04,센트럴점,유제품,DR-303,체다 슬라이스 치즈,27,5400,0,145800,N
2026-08-04,센트럴점,가공식품,PR-401,프리미엄 즉석밥 12입,17,12900,0,219300,N
2026-08-04,센트럴점,가공식품,PR-402,저염 참치캔 6입,14,11500,0,161000,N
2026-08-04,센트럴점,가공식품,PR-403,국물용 멸치 200g,17,8900,0,151300,N
2026-08-04,센트럴점,음료,BV-501,탄산수 500mL 6입,21,4500,0,94500,N
2026-08-04,센트럴점,음료,BV-502,콜드브루 아메리카노,19,3800,0,72200,N
2026-08-04,센트럴점,음료,BV-503,제주 감귤주스 1L,20,5600,0,112000,N
2026-08-04,센트럴점,생활용품,LV-601,3겹 화장지 30롤,10,15900,0,159000,N
2026-08-04,센트럴점,생활용품,LV-602,주방세제 리필 2입,12,6700,0,80400,N
2026-08-04,리버점,냉장 간편식,RM-101,한끼 소불고기덮밥,22,5900,0,129800,N
2026-08-04,리버점,냉장 간편식,RM-102,매콤 닭갈비볶음밥,20,5500,0,110000,N
2026-08-04,리버점,냉장 간편식,RM-103,훈제오리 샐러드랩,22,6200,0,136400,N
2026-08-04,리버점,냉장 간편식,RM-104,우삼겹 된장찌개,20,6800,0,136000,N
2026-08-04,리버점,냉장 간편식,RM-105,새우 로제파스타,20,7200,0,144000,N
2026-08-04,리버점,냉장 간편식,RM-106,닭가슴살 곤약비빔밥,19,5200,0,98800,N
2026-08-04,리버점,신선식품,FR-201,국내산 삼겹살 500g,11,13900,0,152900,N
2026-08-04,리버점,신선식품,FR-202,친환경 방울토마토,10,4900,0,49000,N
2026-08-04,리버점,신선식품,FR-203,손질 갈치 2미,13,9800,0,127400,N
2026-08-04,리버점,유제품,DR-301,1A 우유 900mL,17,3200,0,54400,N
2026-08-04,리버점,유제품,DR-302,그릭요거트 4입,14,6900,0,96600,N
2026-08-04,리버점,유제품,DR-303,체다 슬라이스 치즈,15,5400,0,81000,N
2026-08-04,리버점,가공식품,PR-401,프리미엄 즉석밥 12입,11,12900,0,141900,N
2026-08-04,리버점,가공식품,PR-402,저염 참치캔 6입,11,11500,0,126500,N
2026-08-04,리버점,가공식품,PR-403,국물용 멸치 200g,10,8900,0,89000,N
2026-08-04,리버점,음료,BV-501,탄산수 500mL 6입,14,4500,0,63000,N
2026-08-04,리버점,음료,BV-502,콜드브루 아메리카노,12,3800,0,45600,N
2026-08-04,리버점,음료,BV-503,제주 감귤주스 1L,12,5600,0,67200,N
2026-08-04,리버점,생활용품,LV-601,3겹 화장지 30롤,6,15900,0,95400,N
2026-08-04,리버점,생활용품,LV-602,주방세제 리필 2입,6,6700,0,40200,N
2026-08-04,파크점,냉장 간편식,RM-101,한끼 소불고기덮밥,20,5900,0,118000,N
2026-08-04,파크점,냉장 간편식,RM-102,매콤 닭갈비볶음밥,19,5500,0,104500,N
2026-08-04,파크점,냉장 간편식,RM-103,훈제오리 샐러드랩,28,6200,0,173600,N
2026-08-04,파크점,냉장 간편식,RM-104,우삼겹 된장찌개,23,6800,0,156400,N
2026-08-04,파크점,냉장 간편식,RM-105,새우 로제파스타,22,7200,0,158400,N
2026-08-04,파크점,냉장 간편식,RM-106,닭가슴살 곤약비빔밥,23,5200,0,119600,N
2026-08-04,파크점,신선식품,FR-201,국내산 삼겹살 500g,15,13900,0,208500,N
2026-08-04,파크점,신선식품,FR-202,친환경 방울토마토,12,4900,0,58800,N
2026-08-04,파크점,신선식품,FR-203,손질 갈치 2미,12,9800,0,117600,N
2026-08-04,파크점,유제품,DR-301,1A 우유 900mL,19,3200,0,60800,N
2026-08-04,파크점,유제품,DR-302,그릭요거트 4입,17,6900,0,117300,N
2026-08-04,파크점,유제품,DR-303,체다 슬라이스 치즈,21,5400,0,113400,N
2026-08-04,파크점,가공식품,PR-401,프리미엄 즉석밥 12입,10,12900,0,129000,N
2026-08-04,파크점,가공식품,PR-402,저염 참치캔 6입,12,11500,0,138000,N
2026-08-04,파크점,가공식품,PR-403,국물용 멸치 200g,11,8900,0,97900,N
2026-08-04,파크점,음료,BV-501,탄산수 500mL 6입,13,4500,0,58500,N
2026-08-04,파크점,음료,BV-502,콜드브루 아메리카노,16,3800,0,60800,N
2026-08-04,파크점,음료,BV-503,제주 감귤주스 1L,16,5600,0,89600,N
2026-08-04,파크점,생활용품,LV-601,3겹 화장지 30롤,7,15900,0,111300,N
2026-08-04,파크점,생활용품,LV-602,주방세제 리필 2입,7,6700,0,46900,N
2026-08-05,센트럴점,냉장 간편식,RM-101,한끼 소불고기덮밥,31,5900,0,182900,N
2026-08-05,센트럴점,냉장 간편식,RM-102,매콤 닭갈비볶음밥,38,5500,0,209000,N
2026-08-05,센트럴점,냉장 간편식,RM-103,훈제오리 샐러드랩,39,6200,0,241800,N
2026-08-05,센트럴점,냉장 간편식,RM-104,우삼겹 된장찌개,31,6800,0,210800,N
2026-08-05,센트럴점,냉장 간편식,RM-105,새우 로제파스타,31,7200,0,223200,N
2026-08-05,센트럴점,냉장 간편식,RM-106,닭가슴살 곤약비빔밥,40,5200,0,208000,N
2026-08-05,센트럴점,신선식품,FR-201,국내산 삼겹살 500g,18,13900,0,250200,N
2026-08-05,센트럴점,신선식품,FR-202,친환경 방울토마토,19,4900,0,93100,N
2026-08-05,센트럴점,신선식품,FR-203,손질 갈치 2미,21,9800,0,205800,N
2026-08-05,센트럴점,유제품,DR-301,1A 우유 900mL,32,3200,0,102400,N
2026-08-05,센트럴점,유제품,DR-302,그릭요거트 4입,24,6900,0,165600,N
2026-08-05,센트럴점,유제품,DR-303,체다 슬라이스 치즈,24,5400,0,129600,N
2026-08-05,센트럴점,가공식품,PR-401,프리미엄 즉석밥 12입,18,12900,0,232200,N
2026-08-05,센트럴점,가공식품,PR-402,저염 참치캔 6입,17,11500,0,195500,N
2026-08-05,센트럴점,가공식품,PR-403,국물용 멸치 200g,14,8900,0,124600,N
2026-08-05,센트럴점,음료,BV-501,탄산수 500mL 6입,20,4500,0,90000,N
2026-08-05,센트럴점,음료,BV-502,콜드브루 아메리카노,20,3800,0,76000,N
2026-08-05,센트럴점,음료,BV-503,제주 감귤주스 1L,25,5600,0,140000,N
2026-08-05,센트럴점,생활용품,LV-601,3겹 화장지 30롤,10,15900,0,159000,N
2026-08-05,센트럴점,생활용품,LV-602,주방세제 리필 2입,12,6700,0,80400,N
2026-08-05,리버점,냉장 간편식,RM-101,한끼 소불고기덮밥,23,5900,0,135700,N
2026-08-05,리버점,냉장 간편식,RM-102,매콤 닭갈비볶음밥,18,5500,0,99000,N
2026-08-05,리버점,냉장 간편식,RM-103,훈제오리 샐러드랩,19,6200,0,117800,N
2026-08-05,리버점,냉장 간편식,RM-104,우삼겹 된장찌개,20,6800,0,136000,N
2026-08-05,리버점,냉장 간편식,RM-105,새우 로제파스타,23,7200,0,165600,N
2026-08-05,리버점,냉장 간편식,RM-106,닭가슴살 곤약비빔밥,22,5200,0,114400,N
2026-08-05,리버점,신선식품,FR-201,국내산 삼겹살 500g,11,13900,0,152900,N
2026-08-05,리버점,신선식품,FR-202,친환경 방울토마토,13,4900,0,63700,N
2026-08-05,리버점,신선식품,FR-203,손질 갈치 2미,13,9800,0,127400,N
2026-08-05,리버점,유제품,DR-301,1A 우유 900mL,17,3200,0,54400,N
2026-08-05,리버점,유제품,DR-302,그릭요거트 4입,14,6900,0,96600,N
2026-08-05,리버점,유제품,DR-303,체다 슬라이스 치즈,17,5400,0,91800,N
2026-08-05,리버점,가공식품,PR-401,프리미엄 즉석밥 12입,11,12900,0,141900,N
2026-08-05,리버점,가공식품,PR-402,저염 참치캔 6입,12,11500,0,138000,N
2026-08-05,리버점,가공식품,PR-403,국물용 멸치 200g,11,8900,0,97900,N
2026-08-05,리버점,음료,BV-501,탄산수 500mL 6입,17,4500,0,76500,N
2026-08-05,리버점,음료,BV-502,콜드브루 아메리카노,12,3800,0,45600,N
2026-08-05,리버점,음료,BV-503,제주 감귤주스 1L,14,5600,0,78400,N
2026-08-05,리버점,생활용품,LV-601,3겹 화장지 30롤,6,15900,0,95400,N
2026-08-05,리버점,생활용품,LV-602,주방세제 리필 2입,7,6700,0,46900,N
2026-08-05,파크점,냉장 간편식,RM-101,한끼 소불고기덮밥,28,5900,0,165200,N
2026-08-05,파크점,냉장 간편식,RM-102,매콤 닭갈비볶음밥,24,5500,0,132000,N
2026-08-05,파크점,냉장 간편식,RM-103,훈제오리 샐러드랩,27,6200,0,167400,N
2026-08-05,파크점,냉장 간편식,RM-104,우삼겹 된장찌개,28,6800,0,190400,N
2026-08-05,파크점,냉장 간편식,RM-105,새우 로제파스타,26,7200,0,187200,N
2026-08-05,파크점,냉장 간편식,RM-106,닭가슴살 곤약비빔밥,25,5200,0,130000,N
2026-08-05,파크점,신선식품,FR-201,국내산 삼겹살 500g,14,13900,0,194600,N
2026-08-05,파크점,신선식품,FR-202,친환경 방울토마토,15,4900,0,73500,N
2026-08-05,파크점,신선식품,FR-203,손질 갈치 2미,17,9800,0,166600,N
2026-08-05,파크점,유제품,DR-301,1A 우유 900mL,23,3200,0,73600,N
2026-08-05,파크점,유제품,DR-302,그릭요거트 4입,19,6900,0,131100,N
2026-08-05,파크점,유제품,DR-303,체다 슬라이스 치즈,22,5400,0,118800,N
2026-08-05,파크점,가공식품,PR-401,프리미엄 즉석밥 12입,10,12900,0,129000,N
2026-08-05,파크점,가공식품,PR-402,저염 참치캔 6입,11,11500,0,126500,N
2026-08-05,파크점,가공식품,PR-403,국물용 멸치 200g,11,8900,0,97900,N
2026-08-05,파크점,음료,BV-501,탄산수 500mL 6입,15,4500,0,67500,N
2026-08-05,파크점,음료,BV-502,콜드브루 아메리카노,16,3800,0,60800,N
2026-08-05,파크점,음료,BV-503,제주 감귤주스 1L,16,5600,0,89600,N
2026-08-05,파크점,생활용품,LV-601,3겹 화장지 30롤,8,15900,0,127200,N
2026-08-05,파크점,생활용품,LV-602,주방세제 리필 2입,9,6700,0,60300,N
2026-08-06,센트럴점,냉장 간편식,RM-101,한끼 소불고기덮밥,43,5900,0,253700,N
2026-08-06,센트럴점,냉장 간편식,RM-102,매콤 닭갈비볶음밥,38,5500,0,209000,N
2026-08-06,센트럴점,냉장 간편식,RM-103,훈제오리 샐러드랩,31,6200,0,192200,N
2026-08-06,센트럴점,냉장 간편식,RM-104,우삼겹 된장찌개,34,6800,0,231200,N
2026-08-06,센트럴점,냉장 간편식,RM-105,새우 로제파스타,34,7200,0,244800,N
2026-08-06,센트럴점,냉장 간편식,RM-106,닭가슴살 곤약비빔밥,41,5200,0,213200,N
2026-08-06,센트럴점,신선식품,FR-201,국내산 삼겹살 500g,25,13900,0,347500,N
2026-08-06,센트럴점,신선식품,FR-202,친환경 방울토마토,18,4900,0,88200,N
2026-08-06,센트럴점,신선식품,FR-203,손질 갈치 2미,19,9800,0,186200,N
2026-08-06,센트럴점,유제품,DR-301,1A 우유 900mL,31,3200,0,99200,N
2026-08-06,센트럴점,유제품,DR-302,그릭요거트 4입,29,6900,0,200100,N
2026-08-06,센트럴점,유제품,DR-303,체다 슬라이스 치즈,33,5400,0,178200,N
2026-08-06,센트럴점,가공식품,PR-401,프리미엄 즉석밥 12입,16,12900,0,206400,N
2026-08-06,센트럴점,가공식품,PR-402,저염 참치캔 6입,16,11500,0,184000,N
2026-08-06,센트럴점,가공식품,PR-403,국물용 멸치 200g,16,8900,0,142400,N
2026-08-06,센트럴점,음료,BV-501,탄산수 500mL 6입,23,4500,0,103500,N
2026-08-06,센트럴점,음료,BV-502,콜드브루 아메리카노,27,3800,0,102600,N
2026-08-06,센트럴점,음료,BV-503,제주 감귤주스 1L,23,5600,0,128800,N
2026-08-06,센트럴점,생활용품,LV-601,3겹 화장지 30롤,12,15900,0,190800,N
2026-08-06,센트럴점,생활용품,LV-602,주방세제 리필 2입,11,6700,0,73700,N
2026-08-06,리버점,냉장 간편식,RM-101,한끼 소불고기덮밥,20,5900,0,118000,N
2026-08-06,리버점,냉장 간편식,RM-102,매콤 닭갈비볶음밥,26,5500,0,143000,N
2026-08-06,리버점,냉장 간편식,RM-103,훈제오리 샐러드랩,21,6200,0,130200,N
2026-08-06,리버점,냉장 간편식,RM-104,우삼겹 된장찌개,25,6800,0,170000,N
2026-08-06,리버점,냉장 간편식,RM-105,새우 로제파스타,23,7200,0,165600,N
2026-08-06,리버점,냉장 간편식,RM-106,닭가슴살 곤약비빔밥,25,5200,0,130000,N
2026-08-06,리버점,신선식품,FR-201,국내산 삼겹살 500g,13,13900,0,180700,N
2026-08-06,리버점,신선식품,FR-202,친환경 방울토마토,14,4900,0,68600,N
2026-08-06,리버점,신선식품,FR-203,손질 갈치 2미,12,9800,0,117600,N
2026-08-06,리버점,유제품,DR-301,1A 우유 900mL,17,3200,0,54400,N
2026-08-06,리버점,유제품,DR-302,그릭요거트 4입,17,6900,0,117300,N
2026-08-06,리버점,유제품,DR-303,체다 슬라이스 치즈,20,5400,0,108000,N
2026-08-06,리버점,가공식품,PR-401,프리미엄 즉석밥 12입,11,12900,0,141900,N
2026-08-06,리버점,가공식품,PR-402,저염 참치캔 6입,12,11500,0,138000,N
2026-08-06,리버점,가공식품,PR-403,국물용 멸치 200g,11,8900,0,97900,N
2026-08-06,리버점,음료,BV-501,탄산수 500mL 6입,17,4500,0,76500,N
2026-08-06,리버점,음료,BV-502,콜드브루 아메리카노,16,3800,0,60800,N
2026-08-06,리버점,음료,BV-503,제주 감귤주스 1L,18,5600,0,100800,N
2026-08-06,리버점,생활용품,LV-601,3겹 화장지 30롤,7,15900,0,111300,N
2026-08-06,리버점,생활용품,LV-602,주방세제 리필 2입,6,6700,0,40200,N
2026-08-06,파크점,냉장 간편식,RM-101,한끼 소불고기덮밥,27,5900,0,159300,N
2026-08-06,파크점,냉장 간편식,RM-102,매콤 닭갈비볶음밥,31,5500,0,170500,N
2026-08-06,파크점,냉장 간편식,RM-103,훈제오리 샐러드랩,25,6200,0,155000,N
2026-08-06,파크점,냉장 간편식,RM-104,우삼겹 된장찌개,24,6800,0,163200,N
2026-08-06,파크점,냉장 간편식,RM-105,새우 로제파스타,28,7200,0,201600,N
2026-08-06,파크점,냉장 간편식,RM-106,닭가슴살 곤약비빔밥,28,5200,0,145600,N
2026-08-06,파크점,신선식품,FR-201,국내산 삼겹살 500g,17,13900,0,236300,N
2026-08-06,파크점,신선식품,FR-202,친환경 방울토마토,17,4900,0,83300,N
2026-08-06,파크점,신선식품,FR-203,손질 갈치 2미,15,9800,0,147000,N
2026-08-06,파크점,유제품,DR-301,1A 우유 900mL,23,3200,0,73600,N
2026-08-06,파크점,유제품,DR-302,그릭요거트 4입,22,6900,0,151800,N
2026-08-06,파크점,유제품,DR-303,체다 슬라이스 치즈,24,5400,0,129600,N
2026-08-06,파크점,가공식품,PR-401,프리미엄 즉석밥 12입,13,12900,0,167700,N
2026-08-06,파크점,가공식품,PR-402,저염 참치캔 6입,15,11500,0,172500,N
2026-08-06,파크점,가공식품,PR-403,국물용 멸치 200g,14,8900,0,124600,N
2026-08-06,파크점,음료,BV-501,탄산수 500mL 6입,17,4500,0,76500,N
2026-08-06,파크점,음료,BV-502,콜드브루 아메리카노,16,3800,0,60800,N
2026-08-06,파크점,음료,BV-503,제주 감귤주스 1L,20,5600,0,112000,N
2026-08-06,파크점,생활용품,LV-601,3겹 화장지 30롤,9,15900,0,143100,N
2026-08-06,파크점,생활용품,LV-602,주방세제 리필 2입,10,6700,0,67000,N
2026-08-07,센트럴점,냉장 간편식,RM-101,한끼 소불고기덮밥,53,5900,0,312700,N
2026-08-07,센트럴점,냉장 간편식,RM-102,매콤 닭갈비볶음밥,44,5500,0,242000,N
2026-08-07,센트럴점,냉장 간편식,RM-103,훈제오리 샐러드랩,47,6200,0,291400,N
2026-08-07,센트럴점,냉장 간편식,RM-104,우삼겹 된장찌개,43,6800,0,292400,N
2026-08-07,센트럴점,냉장 간편식,RM-105,새우 로제파스타,48,7200,0,345600,N
2026-08-07,센트럴점,냉장 간편식,RM-106,닭가슴살 곤약비빔밥,41,5200,0,213200,N
2026-08-07,센트럴점,신선식품,FR-201,국내산 삼겹살 500g,27,13900,0,375300,N
2026-08-07,센트럴점,신선식품,FR-202,친환경 방울토마토,30,4900,0,147000,N
2026-08-07,센트럴점,신선식품,FR-203,손질 갈치 2미,31,9800,0,303800,N
2026-08-07,센트럴점,유제품,DR-301,1A 우유 900mL,39,3200,0,124800,N
2026-08-07,센트럴점,유제품,DR-302,그릭요거트 4입,31,6900,0,213900,N
2026-08-07,센트럴점,유제품,DR-303,체다 슬라이스 치즈,35,5400,0,189000,N
2026-08-07,센트럴점,가공식품,PR-401,프리미엄 즉석밥 12입,22,12900,0,283800,N
2026-08-07,센트럴점,가공식품,PR-402,저염 참치캔 6입,25,11500,0,287500,N
2026-08-07,센트럴점,가공식품,PR-403,국물용 멸치 200g,21,8900,0,186900,N
2026-08-07,센트럴점,음료,BV-501,탄산수 500mL 6입,33,4500,0,148500,N
2026-08-07,센트럴점,음료,BV-502,콜드브루 아메리카노,28,3800,0,106400,N
2026-08-07,센트럴점,음료,BV-503,제주 감귤주스 1L,30,5600,0,168000,N
2026-08-07,센트럴점,생활용품,LV-601,3겹 화장지 30롤,17,15900,0,270300,N
2026-08-07,센트럴점,생활용품,LV-602,주방세제 리필 2입,13,6700,0,87100,N
2026-08-07,리버점,냉장 간편식,RM-101,한끼 소불고기덮밥,25,5900,0,147500,N
2026-08-07,리버점,냉장 간편식,RM-102,매콤 닭갈비볶음밥,31,5500,0,170500,N
2026-08-07,리버점,냉장 간편식,RM-103,훈제오리 샐러드랩,27,6200,0,167400,N
2026-08-07,리버점,냉장 간편식,RM-104,우삼겹 된장찌개,28,6800,0,190400,N
2026-08-07,리버점,냉장 간편식,RM-105,새우 로제파스타,29,7200,0,208800,N
2026-08-07,리버점,냉장 간편식,RM-106,닭가슴살 곤약비빔밥,26,5200,0,135200,N
2026-08-07,리버점,신선식품,FR-201,국내산 삼겹살 500g,17,13900,0,236300,N
2026-08-07,리버점,신선식품,FR-202,친환경 방울토마토,15,4900,0,73500,N
2026-08-07,리버점,신선식품,FR-203,손질 갈치 2미,18,9800,0,176400,N
2026-08-07,리버점,유제품,DR-301,1A 우유 900mL,27,3200,0,86400,N
2026-08-07,리버점,유제품,DR-302,그릭요거트 4입,22,6900,0,151800,N
2026-08-07,리버점,유제품,DR-303,체다 슬라이스 치즈,20,5400,0,108000,N
2026-08-07,리버점,가공식품,PR-401,프리미엄 즉석밥 12입,13,12900,0,167700,N
2026-08-07,리버점,가공식품,PR-402,저염 참치캔 6입,16,11500,0,184000,N
2026-08-07,리버점,가공식품,PR-403,국물용 멸치 200g,11,8900,0,97900,N
2026-08-07,리버점,음료,BV-501,탄산수 500mL 6입,22,4500,0,99000,N
2026-08-07,리버점,음료,BV-502,콜드브루 아메리카노,23,3800,0,87400,N
2026-08-07,리버점,음료,BV-503,제주 감귤주스 1L,21,5600,0,117600,N
2026-08-07,리버점,생활용품,LV-601,3겹 화장지 30롤,10,15900,0,159000,N
2026-08-07,리버점,생활용품,LV-602,주방세제 리필 2입,10,6700,0,67000,N
2026-08-07,파크점,냉장 간편식,RM-101,한끼 소불고기덮밥,31,5900,0,182900,N
2026-08-07,파크점,냉장 간편식,RM-102,매콤 닭갈비볶음밥,31,5500,0,170500,N
2026-08-07,파크점,냉장 간편식,RM-103,훈제오리 샐러드랩,31,6200,0,192200,N
2026-08-07,파크점,냉장 간편식,RM-104,우삼겹 된장찌개,38,6800,0,258400,N
2026-08-07,파크점,냉장 간편식,RM-105,새우 로제파스타,37,7200,0,266400,N
2026-08-07,파크점,냉장 간편식,RM-106,닭가슴살 곤약비빔밥,30,5200,0,156000,N
2026-08-07,파크점,신선식품,FR-201,국내산 삼겹살 500g,22,13900,0,305800,N
2026-08-07,파크점,신선식품,FR-202,친환경 방울토마토,19,4900,0,93100,N
2026-08-07,파크점,신선식품,FR-203,손질 갈치 2미,18,9800,0,176400,N
2026-08-07,파크점,유제품,DR-301,1A 우유 900mL,31,3200,0,99200,N
2026-08-07,파크점,유제품,DR-302,그릭요거트 4입,32,6900,0,220800,N
2026-08-07,파크점,유제품,DR-303,체다 슬라이스 치즈,32,5400,0,172800,N
2026-08-07,파크점,가공식품,PR-401,프리미엄 즉석밥 12입,16,12900,0,206400,N
2026-08-07,파크점,가공식품,PR-402,저염 참치캔 6입,16,11500,0,184000,N
2026-08-07,파크점,가공식품,PR-403,국물용 멸치 200g,15,8900,0,133500,N
2026-08-07,파크점,음료,BV-501,탄산수 500mL 6입,20,4500,0,90000,N
2026-08-07,파크점,음료,BV-502,콜드브루 아메리카노,21,3800,0,79800,N
2026-08-07,파크점,음료,BV-503,제주 감귤주스 1L,25,5600,0,140000,N
2026-08-07,파크점,생활용품,LV-601,3겹 화장지 30롤,9,15900,0,143100,N
2026-08-07,파크점,생활용품,LV-602,주방세제 리필 2입,13,6700,0,87100,N
2026-08-08,센트럴점,냉장 간편식,RM-101,한끼 소불고기덮밥,58,5900,0,342200,N
2026-08-08,센트럴점,냉장 간편식,RM-102,매콤 닭갈비볶음밥,52,5500,0,286000,N
2026-08-08,센트럴점,냉장 간편식,RM-103,훈제오리 샐러드랩,53,6200,0,328600,N
2026-08-08,센트럴점,냉장 간편식,RM-104,우삼겹 된장찌개,55,6800,0,374000,N
2026-08-08,센트럴점,냉장 간편식,RM-105,새우 로제파스타,59,7200,0,424800,N
2026-08-08,센트럴점,냉장 간편식,RM-106,닭가슴살 곤약비빔밥,59,5200,0,306800,N
2026-08-08,센트럴점,신선식품,FR-201,국내산 삼겹살 500g,24,13900,0,333600,N
2026-08-08,센트럴점,신선식품,FR-202,친환경 방울토마토,31,4900,0,151900,N
2026-08-08,센트럴점,신선식품,FR-203,손질 갈치 2미,29,9800,0,284200,N
2026-08-08,센트럴점,유제품,DR-301,1A 우유 900mL,44,3200,0,140800,N
2026-08-08,센트럴점,유제품,DR-302,그릭요거트 4입,39,6900,0,269100,N
2026-08-08,센트럴점,유제품,DR-303,체다 슬라이스 치즈,36,5400,0,194400,N
2026-08-08,센트럴점,가공식품,PR-401,프리미엄 즉석밥 12입,26,12900,0,335400,N
2026-08-08,센트럴점,가공식품,PR-402,저염 참치캔 6입,23,11500,0,264500,N
2026-08-08,센트럴점,가공식품,PR-403,국물용 멸치 200g,28,8900,0,249200,N
2026-08-08,센트럴점,음료,BV-501,탄산수 500mL 6입,29,4500,0,130500,N
2026-08-08,센트럴점,음료,BV-502,콜드브루 아메리카노,36,3800,0,136800,N
2026-08-08,센트럴점,음료,BV-503,제주 감귤주스 1L,32,5600,0,179200,N
2026-08-08,센트럴점,생활용품,LV-601,3겹 화장지 30롤,14,15900,0,222600,N
2026-08-08,센트럴점,생활용품,LV-602,주방세제 리필 2입,15,6700,0,100500,N
2026-08-08,리버점,냉장 간편식,RM-101,한끼 소불고기덮밥,29,5900,0,171100,N
2026-08-08,리버점,냉장 간편식,RM-102,매콤 닭갈비볶음밥,33,5500,0,181500,N
2026-08-08,리버점,냉장 간편식,RM-103,훈제오리 샐러드랩,29,6200,0,179800,N
2026-08-08,리버점,냉장 간편식,RM-104,우삼겹 된장찌개,27,6800,0,183600,N
2026-08-08,리버점,냉장 간편식,RM-105,새우 로제파스타,36,7200,0,259200,N
2026-08-08,리버점,냉장 간편식,RM-106,닭가슴살 곤약비빔밥,34,5200,0,176800,N
2026-08-08,리버점,신선식품,FR-201,국내산 삼겹살 500g,17,13900,0,236300,N
2026-08-08,리버점,신선식품,FR-202,친환경 방울토마토,21,4900,0,102900,N
2026-08-08,리버점,신선식품,FR-203,손질 갈치 2미,21,9800,0,205800,N
2026-08-08,리버점,유제품,DR-301,1A 우유 900mL,21,3200,0,67200,N
2026-08-08,리버점,유제품,DR-302,그릭요거트 4입,22,6900,0,151800,N
2026-08-08,리버점,유제품,DR-303,체다 슬라이스 치즈,29,5400,0,156600,N
2026-08-08,리버점,가공식품,PR-401,프리미엄 즉석밥 12입,16,12900,0,206400,N
2026-08-08,리버점,가공식품,PR-402,저염 참치캔 6입,13,11500,0,149500,N
2026-08-08,리버점,가공식품,PR-403,국물용 멸치 200g,13,8900,0,115700,N
2026-08-08,리버점,음료,BV-501,탄산수 500mL 6입,22,4500,0,99000,N
2026-08-08,리버점,음료,BV-502,콜드브루 아메리카노,23,3800,0,87400,N
2026-08-08,리버점,음료,BV-503,제주 감귤주스 1L,19,5600,0,106400,N
2026-08-08,리버점,생활용품,LV-601,3겹 화장지 30롤,11,15900,0,174900,N
2026-08-08,리버점,생활용품,LV-602,주방세제 리필 2입,9,6700,0,60300,N
2026-08-08,파크점,냉장 간편식,RM-101,한끼 소불고기덮밥,41,5900,0,241900,N
2026-08-08,파크점,냉장 간편식,RM-102,매콤 닭갈비볶음밥,32,5500,0,176000,N
2026-08-08,파크점,냉장 간편식,RM-103,훈제오리 샐러드랩,42,6200,0,260400,N
2026-08-08,파크점,냉장 간편식,RM-104,우삼겹 된장찌개,33,6800,0,224400,N
2026-08-08,파크점,냉장 간편식,RM-105,새우 로제파스타,38,7200,0,273600,N
2026-08-08,파크점,냉장 간편식,RM-106,닭가슴살 곤약비빔밥,33,5200,0,171600,N
2026-08-08,파크점,신선식품,FR-201,국내산 삼겹살 500g,25,13900,0,347500,N
2026-08-08,파크점,신선식품,FR-202,친환경 방울토마토,21,4900,0,102900,N
2026-08-08,파크점,신선식품,FR-203,손질 갈치 2미,25,9800,0,245000,N
2026-08-08,파크점,유제품,DR-301,1A 우유 900mL,26,3200,0,83200,N
2026-08-08,파크점,유제품,DR-302,그릭요거트 4입,25,6900,0,172500,N
2026-08-08,파크점,유제품,DR-303,체다 슬라이스 치즈,31,5400,0,167400,N
2026-08-08,파크점,가공식품,PR-401,프리미엄 즉석밥 12입,21,12900,0,270900,N
2026-08-08,파크점,가공식품,PR-402,저염 참치캔 6입,18,11500,0,207000,N
2026-08-08,파크점,가공식품,PR-403,국물용 멸치 200g,18,8900,0,160200,N
2026-08-08,파크점,음료,BV-501,탄산수 500mL 6입,26,4500,0,117000,N
2026-08-08,파크점,음료,BV-502,콜드브루 아메리카노,28,3800,0,106400,N
2026-08-08,파크점,음료,BV-503,제주 감귤주스 1L,25,5600,0,140000,N
2026-08-08,파크점,생활용품,LV-601,3겹 화장지 30롤,12,15900,0,190800,N
2026-08-08,파크점,생활용품,LV-602,주방세제 리필 2입,12,6700,0,80400,N
2026-08-09,센트럴점,냉장 간편식,RM-101,한끼 소불고기덮밥,47,5900,0,277300,N
2026-08-09,센트럴점,냉장 간편식,RM-102,매콤 닭갈비볶음밥,44,5500,0,242000,N
2026-08-09,센트럴점,냉장 간편식,RM-103,훈제오리 샐러드랩,51,6200,0,316200,N
2026-08-09,센트럴점,냉장 간편식,RM-104,우삼겹 된장찌개,44,6800,0,299200,N
2026-08-09,센트럴점,냉장 간편식,RM-105,새우 로제파스타,39,7200,0,280800,N
2026-08-09,센트럴점,냉장 간편식,RM-106,닭가슴살 곤약비빔밥,48,5200,0,249600,N
2026-08-09,센트럴점,신선식품,FR-201,국내산 삼겹살 500g,29,13900,0,403100,N
2026-08-09,센트럴점,신선식품,FR-202,친환경 방울토마토,23,4900,0,112700,N
2026-08-09,센트럴점,신선식품,FR-203,손질 갈치 2미,27,9800,0,264600,N
2026-08-09,센트럴점,유제품,DR-301,1A 우유 900mL,30,3200,0,96000,N
2026-08-09,센트럴점,유제품,DR-302,그릭요거트 4입,30,6900,0,207000,N
2026-08-09,센트럴점,유제품,DR-303,체다 슬라이스 치즈,29,5400,0,156600,N
2026-08-09,센트럴점,가공식품,PR-401,프리미엄 즉석밥 12입,24,12900,0,309600,N
2026-08-09,센트럴점,가공식품,PR-402,저염 참치캔 6입,18,11500,0,207000,N
2026-08-09,센트럴점,가공식품,PR-403,국물용 멸치 200g,19,8900,0,169100,N
2026-08-09,센트럴점,음료,BV-501,탄산수 500mL 6입,27,4500,0,121500,N
2026-08-09,센트럴점,음료,BV-502,콜드브루 아메리카노,26,3800,0,98800,N
2026-08-09,센트럴점,음료,BV-503,제주 감귤주스 1L,30,5600,0,168000,N
2026-08-09,센트럴점,생활용품,LV-601,3겹 화장지 30롤,14,15900,0,222600,N
2026-08-09,센트럴점,생활용품,LV-602,주방세제 리필 2입,13,6700,0,87100,N
2026-08-09,리버점,냉장 간편식,RM-101,한끼 소불고기덮밥,24,5900,0,141600,N
2026-08-09,리버점,냉장 간편식,RM-102,매콤 닭갈비볶음밥,22,5500,0,121000,N
2026-08-09,리버점,냉장 간편식,RM-103,훈제오리 샐러드랩,31,6200,0,192200,N
2026-08-09,리버점,냉장 간편식,RM-104,우삼겹 된장찌개,26,6800,0,176800,N
2026-08-09,리버점,냉장 간편식,RM-105,새우 로제파스타,23,7200,0,165600,N
2026-08-09,리버점,냉장 간편식,RM-106,닭가슴살 곤약비빔밥,32,5200,0,166400,N
2026-08-09,리버점,신선식품,FR-201,국내산 삼겹살 500g,15,13900,0,208500,N
2026-08-09,리버점,신선식품,FR-202,친환경 방울토마토,13,4900,0,63700,N
2026-08-09,리버점,신선식품,FR-203,손질 갈치 2미,16,9800,0,156800,N
2026-08-09,리버점,유제품,DR-301,1A 우유 900mL,23,3200,0,73600,N
2026-08-09,리버점,유제품,DR-302,그릭요거트 4입,18,6900,0,124200,N
2026-08-09,리버점,유제품,DR-303,체다 슬라이스 치즈,23,5400,0,124200,N
2026-08-09,리버점,가공식품,PR-401,프리미엄 즉석밥 12입,12,12900,0,154800,N
2026-08-09,리버점,가공식품,PR-402,저염 참치캔 6입,13,11500,0,149500,N
2026-08-09,리버점,가공식품,PR-403,국물용 멸치 200g,13,8900,0,115700,N
2026-08-09,리버점,음료,BV-501,탄산수 500mL 6입,19,4500,0,85500,N
2026-08-09,리버점,음료,BV-502,콜드브루 아메리카노,19,3800,0,72200,N
2026-08-09,리버점,음료,BV-503,제주 감귤주스 1L,19,5600,0,106400,N
2026-08-09,리버점,생활용품,LV-601,3겹 화장지 30롤,9,15900,0,143100,N
2026-08-09,리버점,생활용품,LV-602,주방세제 리필 2입,10,6700,0,67000,N
2026-08-09,파크점,냉장 간편식,RM-101,한끼 소불고기덮밥,33,5900,0,194700,N
2026-08-09,파크점,냉장 간편식,RM-102,매콤 닭갈비볶음밥,32,5500,0,176000,N
2026-08-09,파크점,냉장 간편식,RM-103,훈제오리 샐러드랩,36,6200,0,223200,N
2026-08-09,파크점,냉장 간편식,RM-104,우삼겹 된장찌개,37,6800,0,251600,N
2026-08-09,파크점,냉장 간편식,RM-105,새우 로제파스타,37,7200,0,266400,N
2026-08-09,파크점,냉장 간편식,RM-106,닭가슴살 곤약비빔밥,30,5200,0,156000,N
2026-08-09,파크점,신선식품,FR-201,국내산 삼겹살 500g,16,13900,0,222400,N
2026-08-09,파크점,신선식품,FR-202,친환경 방울토마토,22,4900,0,107800,N
2026-08-09,파크점,신선식품,FR-203,손질 갈치 2미,19,9800,0,186200,N
2026-08-09,파크점,유제품,DR-301,1A 우유 900mL,28,3200,0,89600,N
2026-08-09,파크점,유제품,DR-302,그릭요거트 4입,25,6900,0,172500,N
2026-08-09,파크점,유제품,DR-303,체다 슬라이스 치즈,27,5400,0,145800,N
2026-08-09,파크점,가공식품,PR-401,프리미엄 즉석밥 12입,16,12900,0,206400,N
2026-08-09,파크점,가공식품,PR-402,저염 참치캔 6입,15,11500,0,172500,N
2026-08-09,파크점,가공식품,PR-403,국물용 멸치 200g,18,8900,0,160200,N
2026-08-09,파크점,음료,BV-501,탄산수 500mL 6입,23,4500,0,103500,N
2026-08-09,파크점,음료,BV-502,콜드브루 아메리카노,22,3800,0,83600,N
2026-08-09,파크점,음료,BV-503,제주 감귤주스 1L,26,5600,0,145600,N
2026-08-09,파크점,생활용품,LV-601,3겹 화장지 30롤,11,15900,0,174900,N
2026-08-09,파크점,생활용품,LV-602,주방세제 리필 2입,10,6700,0,67000,N
2026-08-10,센트럴점,냉장 간편식,RM-101,한끼 소불고기덮밥,34,5900,0,200600,N
2026-08-10,센트럴점,냉장 간편식,RM-102,매콤 닭갈비볶음밥,32,5500,0,176000,N
2026-08-10,센트럴점,냉장 간편식,RM-103,훈제오리 샐러드랩,38,6200,0,235600,N
2026-08-10,센트럴점,냉장 간편식,RM-104,우삼겹 된장찌개,32,6800,0,217600,N
2026-08-10,센트럴점,냉장 간편식,RM-105,새우 로제파스타,35,7200,0,252000,N
2026-08-10,센트럴점,냉장 간편식,RM-106,닭가슴살 곤약비빔밥,39,5200,0,202800,N
2026-08-10,센트럴점,신선식품,FR-201,국내산 삼겹살 500g,17,13900,0,236300,N
2026-08-10,센트럴점,신선식품,FR-202,친환경 방울토마토,19,4900,0,93100,N
2026-08-10,센트럴점,신선식품,FR-203,손질 갈치 2미,18,9800,0,176400,N
2026-08-10,센트럴점,유제품,DR-301,1A 우유 900mL,27,3200,0,86400,N
2026-08-10,센트럴점,유제품,DR-302,그릭요거트 4입,26,6900,0,179400,N
2026-08-10,센트럴점,유제품,DR-303,체다 슬라이스 치즈,23,5400,0,124200,N
2026-08-10,센트럴점,가공식품,PR-401,프리미엄 즉석밥 12입,16,12900,0,206400,N
2026-08-10,센트럴점,가공식품,PR-402,저염 참치캔 6입,14,11500,0,161000,N
2026-08-10,센트럴점,가공식품,PR-403,국물용 멸치 200g,16,8900,0,142400,N
2026-08-10,센트럴점,음료,BV-501,탄산수 500mL 6입,19,4500,0,85500,N
2026-08-10,센트럴점,음료,BV-502,콜드브루 아메리카노,22,3800,0,83600,N
2026-08-10,센트럴점,음료,BV-503,제주 감귤주스 1L,27,5600,0,151200,N
2026-08-10,센트럴점,생활용품,LV-601,3겹 화장지 30롤,10,15900,0,159000,N
2026-08-10,센트럴점,생활용품,LV-602,주방세제 리필 2입,10,6700,0,67000,N
2026-08-10,리버점,냉장 간편식,RM-101,한끼 소불고기덮밥,20,5900,0,118000,N
2026-08-10,리버점,냉장 간편식,RM-102,매콤 닭갈비볶음밥,21,5500,0,115500,N
2026-08-10,리버점,냉장 간편식,RM-103,훈제오리 샐러드랩,22,6200,0,136400,N
2026-08-10,리버점,냉장 간편식,RM-104,우삼겹 된장찌개,18,6800,0,122400,N
2026-08-10,리버점,냉장 간편식,RM-105,새우 로제파스타,18,7200,0,129600,N
2026-08-10,리버점,냉장 간편식,RM-106,닭가슴살 곤약비빔밥,18,5200,0,93600,N
2026-08-10,리버점,신선식품,FR-201,국내산 삼겹살 500g,12,13900,0,166800,N
2026-08-10,리버점,신선식품,FR-202,친환경 방울토마토,11,4900,0,53900,N
2026-08-10,리버점,신선식품,FR-203,손질 갈치 2미,13,9800,0,127400,N
2026-08-10,리버점,유제품,DR-301,1A 우유 900mL,17,3200,0,54400,N
2026-08-10,리버점,유제품,DR-302,그릭요거트 4입,18,6900,0,124200,N
2026-08-10,리버점,유제품,DR-303,체다 슬라이스 치즈,15,5400,0,81000,N
2026-08-10,리버점,가공식품,PR-401,프리미엄 즉석밥 12입,8,12900,0,103200,N
2026-08-10,리버점,가공식품,PR-402,저염 참치캔 6입,11,11500,0,126500,N
2026-08-10,리버점,가공식품,PR-403,국물용 멸치 200g,11,8900,0,97900,N
2026-08-10,리버점,음료,BV-501,탄산수 500mL 6입,14,4500,0,63000,N
2026-08-10,리버점,음료,BV-502,콜드브루 아메리카노,15,3800,0,57000,N
2026-08-10,리버점,음료,BV-503,제주 감귤주스 1L,15,5600,0,84000,N
2026-08-10,리버점,생활용품,LV-601,3겹 화장지 30롤,7,15900,0,111300,N
2026-08-10,리버점,생활용품,LV-602,주방세제 리필 2입,8,6700,0,53600,N
2026-08-10,파크점,냉장 간편식,RM-101,한끼 소불고기덮밥,23,5900,0,135700,N
2026-08-10,파크점,냉장 간편식,RM-102,매콤 닭갈비볶음밥,28,5500,0,154000,N
2026-08-10,파크점,냉장 간편식,RM-103,훈제오리 샐러드랩,21,6200,0,130200,N
2026-08-10,파크점,냉장 간편식,RM-104,우삼겹 된장찌개,24,6800,0,163200,N
2026-08-10,파크점,냉장 간편식,RM-105,새우 로제파스타,29,7200,0,208800,N
2026-08-10,파크점,냉장 간편식,RM-106,닭가슴살 곤약비빔밥,22,5200,0,114400,N
2026-08-10,파크점,신선식품,FR-201,국내산 삼겹살 500g,16,13900,0,222400,N
2026-08-10,파크점,신선식품,FR-202,친환경 방울토마토,13,4900,0,63700,N
2026-08-10,파크점,신선식품,FR-203,손질 갈치 2미,14,9800,0,137200,N
2026-08-10,파크점,유제품,DR-301,1A 우유 900mL,17,3200,0,54400,N
2026-08-10,파크점,유제품,DR-302,그릭요거트 4입,22,6900,0,151800,N
2026-08-10,파크점,유제품,DR-303,체다 슬라이스 치즈,18,5400,0,97200,N
2026-08-10,파크점,가공식품,PR-401,프리미엄 즉석밥 12입,11,12900,0,141900,N
2026-08-10,파크점,가공식품,PR-402,저염 참치캔 6입,10,11500,0,115000,N
2026-08-10,파크점,가공식품,PR-403,국물용 멸치 200g,11,8900,0,97900,N
2026-08-10,파크점,음료,BV-501,탄산수 500mL 6입,15,4500,0,67500,N
2026-08-10,파크점,음료,BV-502,콜드브루 아메리카노,17,3800,0,64600,N
2026-08-10,파크점,음료,BV-503,제주 감귤주스 1L,20,5600,0,112000,N
2026-08-10,파크점,생활용품,LV-601,3겹 화장지 30롤,7,15900,0,111300,N
2026-08-10,파크점,생활용품,LV-602,주방세제 리필 2입,7,6700,0,46900,N
2026-08-11,센트럴점,냉장 간편식,RM-101,한끼 소불고기덮밥,35,5900,0,206500,N
2026-08-11,센트럴점,냉장 간편식,RM-102,매콤 닭갈비볶음밥,29,5500,0,159500,N
2026-08-11,센트럴점,냉장 간편식,RM-103,훈제오리 샐러드랩,35,6200,0,217000,N
2026-08-11,센트럴점,냉장 간편식,RM-104,우삼겹 된장찌개,34,6800,0,231200,N
2026-08-11,센트럴점,냉장 간편식,RM-105,새우 로제파스타,31,7200,0,223200,N
2026-08-11,센트럴점,냉장 간편식,RM-106,닭가슴살 곤약비빔밥,32,5200,0,166400,N
2026-08-11,센트럴점,신선식품,FR-201,국내산 삼겹살 500g,17,13900,0,236300,N
2026-08-11,센트럴점,신선식품,FR-202,친환경 방울토마토,18,4900,0,88200,N
2026-08-11,센트럴점,신선식품,FR-203,손질 갈치 2미,15,9800,0,147000,N
2026-08-11,센트럴점,유제품,DR-301,1A 우유 900mL,30,3200,0,96000,N
2026-08-11,센트럴점,유제품,DR-302,그릭요거트 4입,24,6900,0,165600,N
2026-08-11,센트럴점,유제품,DR-303,체다 슬라이스 치즈,23,5400,0,124200,N
2026-08-11,센트럴점,가공식품,PR-401,프리미엄 즉석밥 12입,15,12900,0,193500,N
2026-08-11,센트럴점,가공식품,PR-402,저염 참치캔 6입,13,11500,0,149500,N
2026-08-11,센트럴점,가공식품,PR-403,국물용 멸치 200g,16,8900,0,142400,N
2026-08-11,센트럴점,음료,BV-501,탄산수 500mL 6입,21,4500,0,94500,N
2026-08-11,센트럴점,음료,BV-502,콜드브루 아메리카노,24,3800,0,91200,N
2026-08-11,센트럴점,음료,BV-503,제주 감귤주스 1L,20,5600,0,112000,N
2026-08-11,센트럴점,생활용품,LV-601,3겹 화장지 30롤,9,15900,0,143100,N
2026-08-11,센트럴점,생활용품,LV-602,주방세제 리필 2입,11,6700,0,73700,N
2026-08-11,리버점,냉장 간편식,RM-101,한끼 소불고기덮밥,18,5900,0,106200,N
2026-08-11,리버점,냉장 간편식,RM-102,매콤 닭갈비볶음밥,17,5500,0,93500,N
2026-08-11,리버점,냉장 간편식,RM-103,훈제오리 샐러드랩,20,6200,0,124000,N
2026-08-11,리버점,냉장 간편식,RM-104,우삼겹 된장찌개,21,6800,0,142800,N
2026-08-11,리버점,냉장 간편식,RM-105,새우 로제파스타,20,7200,0,144000,N
2026-08-11,리버점,냉장 간편식,RM-106,닭가슴살 곤약비빔밥,17,5200,0,88400,N
2026-08-11,리버점,신선식품,FR-201,국내산 삼겹살 500g,12,13900,0,166800,N
2026-08-11,리버점,신선식품,FR-202,친환경 방울토마토,11,4900,0,53900,N
2026-08-11,리버점,신선식품,FR-203,손질 갈치 2미,11,9800,0,107800,N
2026-08-11,리버점,유제품,DR-301,1A 우유 900mL,16,3200,0,51200,N
2026-08-11,리버점,유제품,DR-302,그릭요거트 4입,15,6900,0,103500,N
2026-08-11,리버점,유제품,DR-303,체다 슬라이스 치즈,18,5400,0,97200,N
2026-08-11,리버점,가공식품,PR-401,프리미엄 즉석밥 12입,10,12900,0,129000,N
2026-08-11,리버점,가공식품,PR-402,저염 참치캔 6입,11,11500,0,126500,N
2026-08-11,리버점,가공식품,PR-403,국물용 멸치 200g,9,8900,0,80100,N
2026-08-11,리버점,음료,BV-501,탄산수 500mL 6입,12,4500,0,54000,N
2026-08-11,리버점,음료,BV-502,콜드브루 아메리카노,12,3800,0,45600,N
2026-08-11,리버점,음료,BV-503,제주 감귤주스 1L,14,5600,0,78400,N
2026-08-11,리버점,생활용품,LV-601,3겹 화장지 30롤,7,15900,0,111300,N
2026-08-11,리버점,생활용품,LV-602,주방세제 리필 2입,7,6700,0,46900,N
2026-08-11,파크점,냉장 간편식,RM-101,한끼 소불고기덮밥,23,5900,0,135700,N
2026-08-11,파크점,냉장 간편식,RM-102,매콤 닭갈비볶음밥,25,5500,0,137500,N
2026-08-11,파크점,냉장 간편식,RM-103,훈제오리 샐러드랩,25,6200,0,155000,N
2026-08-11,파크점,냉장 간편식,RM-104,우삼겹 된장찌개,25,6800,0,170000,N
2026-08-11,파크점,냉장 간편식,RM-105,새우 로제파스타,21,7200,0,151200,N
2026-08-11,파크점,냉장 간편식,RM-106,닭가슴살 곤약비빔밥,24,5200,0,124800,N
2026-08-11,파크점,신선식품,FR-201,국내산 삼겹살 500g,11,13900,0,152900,N
2026-08-11,파크점,신선식품,FR-202,친환경 방울토마토,16,4900,0,78400,N
2026-08-11,파크점,신선식품,FR-203,손질 갈치 2미,15,9800,0,147000,N
2026-08-11,파크점,유제품,DR-301,1A 우유 900mL,19,3200,0,60800,N
2026-08-11,파크점,유제품,DR-302,그릭요거트 4입,21,6900,0,144900,N
2026-08-11,파크점,유제품,DR-303,체다 슬라이스 치즈,21,5400,0,113400,N
2026-08-11,파크점,가공식품,PR-401,프리미엄 즉석밥 12입,11,12900,0,141900,N
2026-08-11,파크점,가공식품,PR-402,저염 참치캔 6입,13,11500,0,149500,N
2026-08-11,파크점,가공식품,PR-403,국물용 멸치 200g,13,8900,0,115700,N
2026-08-11,파크점,음료,BV-501,탄산수 500mL 6입,15,4500,0,67500,N
2026-08-11,파크점,음료,BV-502,콜드브루 아메리카노,14,3800,0,53200,N
2026-08-11,파크점,음료,BV-503,제주 감귤주스 1L,19,5600,0,106400,N
2026-08-11,파크점,생활용품,LV-601,3겹 화장지 30롤,8,15900,0,127200,N
2026-08-11,파크점,생활용품,LV-602,주방세제 리필 2입,7,6700,0,46900,N
2026-08-12,센트럴점,냉장 간편식,RM-101,한끼 소불고기덮밥,32,5900,0,188800,N
2026-08-12,센트럴점,냉장 간편식,RM-102,매콤 닭갈비볶음밥,36,5500,0,198000,N
2026-08-12,센트럴점,냉장 간편식,RM-103,훈제오리 샐러드랩,35,6200,0,217000,N
2026-08-12,센트럴점,냉장 간편식,RM-104,우삼겹 된장찌개,40,6800,0,272000,N
2026-08-12,센트럴점,냉장 간편식,RM-105,새우 로제파스타,36,7200,0,259200,N
2026-08-12,센트럴점,냉장 간편식,RM-106,닭가슴살 곤약비빔밥,31,5200,0,161200,N
2026-08-12,센트럴점,신선식품,FR-201,국내산 삼겹살 500g,17,13900,0,236300,N
2026-08-12,센트럴점,신선식품,FR-202,친환경 방울토마토,21,4900,0,102900,N
2026-08-12,센트럴점,신선식품,FR-203,손질 갈치 2미,22,9800,0,215600,N
2026-08-12,센트럴점,유제품,DR-301,1A 우유 900mL,23,3200,0,73600,N
2026-08-12,센트럴점,유제품,DR-302,그릭요거트 4입,29,6900,0,200100,N
2026-08-12,센트럴점,유제품,DR-303,체다 슬라이스 치즈,27,5400,0,145800,N
2026-08-12,센트럴점,가공식품,PR-401,프리미엄 즉석밥 12입,17,12900,0,219300,N
2026-08-12,센트럴점,가공식품,PR-402,저염 참치캔 6입,14,11500,0,161000,N
2026-08-12,센트럴점,가공식품,PR-403,국물용 멸치 200g,17,8900,0,151300,N
2026-08-12,센트럴점,음료,BV-501,탄산수 500mL 6입,20,4500,0,90000,N
2026-08-12,센트럴점,음료,BV-502,콜드브루 아메리카노,20,3800,0,76000,N
2026-08-12,센트럴점,음료,BV-503,제주 감귤주스 1L,23,5600,0,128800,N
2026-08-12,센트럴점,생활용품,LV-601,3겹 화장지 30롤,9,15900,0,143100,N
2026-08-12,센트럴점,생활용품,LV-602,주방세제 리필 2입,11,6700,0,73700,N
2026-08-12,리버점,냉장 간편식,RM-101,한끼 소불고기덮밥,20,5900,0,118000,N
2026-08-12,리버점,냉장 간편식,RM-102,매콤 닭갈비볶음밥,21,5500,0,115500,N
2026-08-12,리버점,냉장 간편식,RM-103,훈제오리 샐러드랩,24,6200,0,148800,N
2026-08-12,리버점,냉장 간편식,RM-104,우삼겹 된장찌개,19,6800,0,129200,N
2026-08-12,리버점,냉장 간편식,RM-105,새우 로제파스타,20,7200,0,144000,N
2026-08-12,리버점,냉장 간편식,RM-106,닭가슴살 곤약비빔밥,23,5200,0,119600,N
2026-08-12,리버점,신선식품,FR-201,국내산 삼겹살 500g,13,13900,0,180700,N
2026-08-12,리버점,신선식품,FR-202,친환경 방울토마토,13,4900,0,63700,N
2026-08-12,리버점,신선식품,FR-203,손질 갈치 2미,11,9800,0,107800,N
2026-08-12,리버점,유제품,DR-301,1A 우유 900mL,18,3200,0,57600,N
2026-08-12,리버점,유제품,DR-302,그릭요거트 4입,17,6900,0,117300,N
2026-08-12,리버점,유제품,DR-303,체다 슬라이스 치즈,16,5400,0,86400,N
2026-08-12,리버점,가공식품,PR-401,프리미엄 즉석밥 12입,9,12900,0,116100,N
2026-08-12,리버점,가공식품,PR-402,저염 참치캔 6입,10,11500,0,115000,N
2026-08-12,리버점,가공식품,PR-403,국물용 멸치 200g,10,8900,0,89000,N
2026-08-12,리버점,음료,BV-501,탄산수 500mL 6입,15,4500,0,67500,N
2026-08-12,리버점,음료,BV-502,콜드브루 아메리카노,15,3800,0,57000,N
2026-08-12,리버점,음료,BV-503,제주 감귤주스 1L,13,5600,0,72800,N
2026-08-12,리버점,생활용품,LV-601,3겹 화장지 30롤,8,15900,0,127200,N
2026-08-12,리버점,생활용품,LV-602,주방세제 리필 2입,7,6700,0,46900,N
2026-08-12,파크점,냉장 간편식,RM-101,한끼 소불고기덮밥,30,5900,0,177000,N
2026-08-12,파크점,냉장 간편식,RM-102,매콤 닭갈비볶음밥,23,5500,0,126500,N
2026-08-12,파크점,냉장 간편식,RM-103,훈제오리 샐러드랩,28,6200,0,173600,N
2026-08-12,파크점,냉장 간편식,RM-104,우삼겹 된장찌개,24,6800,0,163200,N
2026-08-12,파크점,냉장 간편식,RM-105,새우 로제파스타,23,7200,0,165600,N
2026-08-12,파크점,냉장 간편식,RM-106,닭가슴살 곤약비빔밥,27,5200,0,140400,N
2026-08-12,파크점,신선식품,FR-201,국내산 삼겹살 500g,17,13900,0,236300,N
2026-08-12,파크점,신선식품,FR-202,친환경 방울토마토,15,4900,0,73500,N
2026-08-12,파크점,신선식품,FR-203,손질 갈치 2미,14,9800,0,137200,N
2026-08-12,파크점,유제품,DR-301,1A 우유 900mL,22,3200,0,70400,N
2026-08-12,파크점,유제품,DR-302,그릭요거트 4입,20,6900,0,138000,N
2026-08-12,파크점,유제품,DR-303,체다 슬라이스 치즈,24,5400,0,129600,N
2026-08-12,파크점,가공식품,PR-401,프리미엄 즉석밥 12입,11,12900,0,141900,N
2026-08-12,파크점,가공식품,PR-402,저염 참치캔 6입,11,11500,0,126500,N
2026-08-12,파크점,가공식품,PR-403,국물용 멸치 200g,14,8900,0,124600,N
2026-08-12,파크점,음료,BV-501,탄산수 500mL 6입,16,4500,0,72000,N
2026-08-12,파크점,음료,BV-502,콜드브루 아메리카노,16,3800,0,60800,N
2026-08-12,파크점,음료,BV-503,제주 감귤주스 1L,18,5600,0,100800,N
2026-08-12,파크점,생활용품,LV-601,3겹 화장지 30롤,9,15900,0,143100,N
2026-08-12,파크점,생활용품,LV-602,주방세제 리필 2입,9,6700,0,60300,N
2026-08-13,센트럴점,냉장 간편식,RM-101,한끼 소불고기덮밥,39,5900,0,230100,N
2026-08-13,센트럴점,냉장 간편식,RM-102,매콤 닭갈비볶음밥,38,5500,0,209000,N
2026-08-13,센트럴점,냉장 간편식,RM-103,훈제오리 샐러드랩,33,6200,0,204600,N
2026-08-13,센트럴점,냉장 간편식,RM-104,우삼겹 된장찌개,42,6800,0,285600,N
2026-08-13,센트럴점,냉장 간편식,RM-105,새우 로제파스타,42,7200,0,302400,N
2026-08-13,센트럴점,냉장 간편식,RM-106,닭가슴살 곤약비빔밥,34,5200,0,176800,N
2026-08-13,센트럴점,신선식품,FR-201,국내산 삼겹살 500g,22,13900,0,305800,N
2026-08-13,센트럴점,신선식품,FR-202,친환경 방울토마토,21,4900,0,102900,N
2026-08-13,센트럴점,신선식품,FR-203,손질 갈치 2미,20,9800,0,196000,N
2026-08-13,센트럴점,유제품,DR-301,1A 우유 900mL,27,3200,0,86400,N
2026-08-13,센트럴점,유제품,DR-302,그릭요거트 4입,26,6900,0,179400,N
2026-08-13,센트럴점,유제품,DR-303,체다 슬라이스 치즈,34,5400,0,183600,N
2026-08-13,센트럴점,가공식품,PR-401,프리미엄 즉석밥 12입,16,12900,0,206400,N
2026-08-13,센트럴점,가공식품,PR-402,저염 참치캔 6입,21,11500,0,241500,N
2026-08-13,센트럴점,가공식품,PR-403,국물용 멸치 200g,15,8900,0,133500,N
2026-08-13,센트럴점,음료,BV-501,탄산수 500mL 6입,22,4500,0,99000,N
2026-08-13,센트럴점,음료,BV-502,콜드브루 아메리카노,30,3800,0,114000,N
2026-08-13,센트럴점,음료,BV-503,제주 감귤주스 1L,27,5600,0,151200,N
2026-08-13,센트럴점,생활용품,LV-601,3겹 화장지 30롤,10,15900,0,159000,N
2026-08-13,센트럴점,생활용품,LV-602,주방세제 리필 2입,11,6700,0,73700,N
2026-08-13,리버점,냉장 간편식,RM-101,한끼 소불고기덮밥,23,5900,0,135700,N
2026-08-13,리버점,냉장 간편식,RM-102,매콤 닭갈비볶음밥,22,5500,0,121000,N
2026-08-13,리버점,냉장 간편식,RM-103,훈제오리 샐러드랩,22,6200,0,136400,N
2026-08-13,리버점,냉장 간편식,RM-104,우삼겹 된장찌개,23,6800,0,156400,N
2026-08-13,리버점,냉장 간편식,RM-105,새우 로제파스타,23,7200,0,165600,N
2026-08-13,리버점,냉장 간편식,RM-106,닭가슴살 곤약비빔밥,26,5200,0,135200,N
2026-08-13,리버점,신선식품,FR-201,국내산 삼겹살 500g,15,13900,0,208500,N
2026-08-13,리버점,신선식품,FR-202,친환경 방울토마토,12,4900,0,58800,N
2026-08-13,리버점,신선식품,FR-203,손질 갈치 2미,13,9800,0,127400,N
2026-08-13,리버점,유제품,DR-301,1A 우유 900mL,15,3200,0,48000,N
2026-08-13,리버점,유제품,DR-302,그릭요거트 4입,16,6900,0,110400,N
2026-08-13,리버점,유제품,DR-303,체다 슬라이스 치즈,20,5400,0,108000,N
2026-08-13,리버점,가공식품,PR-401,프리미엄 즉석밥 12입,10,12900,0,129000,N
2026-08-13,리버점,가공식품,PR-402,저염 참치캔 6입,13,11500,0,149500,N
2026-08-13,리버점,가공식품,PR-403,국물용 멸치 200g,11,8900,0,97900,N
2026-08-13,리버점,음료,BV-501,탄산수 500mL 6입,16,4500,0,72000,N
2026-08-13,리버점,음료,BV-502,콜드브루 아메리카노,16,3800,0,60800,N
2026-08-13,리버점,음료,BV-503,제주 감귤주스 1L,17,5600,0,95200,N
2026-08-13,리버점,생활용품,LV-601,3겹 화장지 30롤,6,15900,0,95400,N
2026-08-13,리버점,생활용품,LV-602,주방세제 리필 2입,7,6700,0,46900,N
2026-08-13,파크점,냉장 간편식,RM-101,한끼 소불고기덮밥,30,5900,0,177000,N
2026-08-13,파크점,냉장 간편식,RM-102,매콤 닭갈비볶음밥,28,5500,0,154000,N
2026-08-13,파크점,냉장 간편식,RM-103,훈제오리 샐러드랩,24,6200,0,148800,N
2026-08-13,파크점,냉장 간편식,RM-104,우삼겹 된장찌개,30,6800,0,204000,N
2026-08-13,파크점,냉장 간편식,RM-105,새우 로제파스타,25,7200,0,180000,N
2026-08-13,파크점,냉장 간편식,RM-106,닭가슴살 곤약비빔밥,27,5200,0,140400,N
2026-08-13,파크점,신선식품,FR-201,국내산 삼겹살 500g,18,13900,0,250200,N
2026-08-13,파크점,신선식품,FR-202,친환경 방울토마토,18,4900,0,88200,N
2026-08-13,파크점,신선식품,FR-203,손질 갈치 2미,13,9800,0,127400,N
2026-08-13,파크점,유제품,DR-301,1A 우유 900mL,24,3200,0,76800,N
2026-08-13,파크점,유제품,DR-302,그릭요거트 4입,25,6900,0,172500,N
2026-08-13,파크점,유제품,DR-303,체다 슬라이스 치즈,20,5400,0,108000,N
2026-08-13,파크점,가공식품,PR-401,프리미엄 즉석밥 12입,15,12900,0,193500,N
2026-08-13,파크점,가공식품,PR-402,저염 참치캔 6입,15,11500,0,172500,N
2026-08-13,파크점,가공식품,PR-403,국물용 멸치 200g,15,8900,0,133500,N
2026-08-13,파크점,음료,BV-501,탄산수 500mL 6입,20,4500,0,90000,N
2026-08-13,파크점,음료,BV-502,콜드브루 아메리카노,17,3800,0,64600,N
2026-08-13,파크점,음료,BV-503,제주 감귤주스 1L,17,5600,0,95200,N
2026-08-13,파크점,생활용품,LV-601,3겹 화장지 30롤,8,15900,0,127200,N
2026-08-13,파크점,생활용품,LV-602,주방세제 리필 2입,8,6700,0,53600,N
2026-08-14,센트럴점,냉장 간편식,RM-101,한끼 소불고기덮밥,47,5900,0,277300,N
2026-08-14,센트럴점,냉장 간편식,RM-102,매콤 닭갈비볶음밥,50,5500,0,275000,N
2026-08-14,센트럴점,냉장 간편식,RM-103,훈제오리 샐러드랩,52,6200,0,322400,N
2026-08-14,센트럴점,냉장 간편식,RM-104,우삼겹 된장찌개,55,6800,0,374000,N
2026-08-14,센트럴점,냉장 간편식,RM-105,새우 로제파스타,41,7200,0,295200,N
2026-08-14,센트럴점,냉장 간편식,RM-106,닭가슴살 곤약비빔밥,54,5200,0,280800,N
2026-08-14,센트럴점,신선식품,FR-201,국내산 삼겹살 500g,30,13900,0,417000,N
2026-08-14,센트럴점,신선식품,FR-202,친환경 방울토마토,28,4900,0,137200,N
2026-08-14,센트럴점,신선식품,FR-203,손질 갈치 2미,29,9800,0,284200,N
2026-08-14,센트럴점,유제품,DR-301,1A 우유 900mL,36,3200,0,115200,N
2026-08-14,센트럴점,유제품,DR-302,그릭요거트 4입,33,6900,0,227700,N
2026-08-14,센트럴점,유제품,DR-303,체다 슬라이스 치즈,43,5400,0,232200,N
2026-08-14,센트럴점,가공식품,PR-401,프리미엄 즉석밥 12입,21,12900,0,270900,N
2026-08-14,센트럴점,가공식품,PR-402,저염 참치캔 6입,25,11500,0,287500,N
2026-08-14,센트럴점,가공식품,PR-403,국물용 멸치 200g,19,8900,0,169100,N
2026-08-14,센트럴점,음료,BV-501,탄산수 500mL 6입,28,4500,0,126000,N
2026-08-14,센트럴점,음료,BV-502,콜드브루 아메리카노,28,3800,0,106400,N
2026-08-14,센트럴점,음료,BV-503,제주 감귤주스 1L,38,5600,0,212800,N
2026-08-14,센트럴점,생활용품,LV-601,3겹 화장지 30롤,17,15900,0,270300,N
2026-08-14,센트럴점,생활용품,LV-602,주방세제 리필 2입,13,6700,0,87100,N
2026-08-14,리버점,냉장 간편식,RM-101,한끼 소불고기덮밥,27,5900,0,159300,N
2026-08-14,리버점,냉장 간편식,RM-102,매콤 닭갈비볶음밥,33,5500,0,181500,N
2026-08-14,리버점,냉장 간편식,RM-103,훈제오리 샐러드랩,31,6200,0,192200,N
2026-08-14,리버점,냉장 간편식,RM-104,우삼겹 된장찌개,24,6800,0,163200,N
2026-08-14,리버점,냉장 간편식,RM-105,새우 로제파스타,26,7200,0,187200,N
2026-08-14,리버점,냉장 간편식,RM-106,닭가슴살 곤약비빔밥,30,5200,0,156000,N
2026-08-14,리버점,신선식품,FR-201,국내산 삼겹살 500g,16,13900,0,222400,N
2026-08-14,리버점,신선식품,FR-202,친환경 방울토마토,18,4900,0,88200,N
2026-08-14,리버점,신선식품,FR-203,손질 갈치 2미,14,9800,0,137200,N
2026-08-14,리버점,유제품,DR-301,1A 우유 900mL,26,3200,0,83200,N
2026-08-14,리버점,유제품,DR-302,그릭요거트 4입,27,6900,0,186300,N
2026-08-14,리버점,유제품,DR-303,체다 슬라이스 치즈,21,5400,0,113400,N
2026-08-14,리버점,가공식품,PR-401,프리미엄 즉석밥 12입,13,12900,0,167700,N
2026-08-14,리버점,가공식품,PR-402,저염 참치캔 6입,16,11500,0,184000,N
2026-08-14,리버점,가공식품,PR-403,국물용 멸치 200g,16,8900,0,142400,N
2026-08-14,리버점,음료,BV-501,탄산수 500mL 6입,22,4500,0,99000,N
2026-08-14,리버점,음료,BV-502,콜드브루 아메리카노,20,3800,0,76000,N
2026-08-14,리버점,음료,BV-503,제주 감귤주스 1L,23,5600,0,128800,N
2026-08-14,리버점,생활용품,LV-601,3겹 화장지 30롤,9,15900,0,143100,N
2026-08-14,리버점,생활용품,LV-602,주방세제 리필 2입,9,6700,0,60300,N
2026-08-14,파크점,냉장 간편식,RM-101,한끼 소불고기덮밥,33,5900,0,194700,N
2026-08-14,파크점,냉장 간편식,RM-102,매콤 닭갈비볶음밥,31,5500,0,170500,N
2026-08-14,파크점,냉장 간편식,RM-103,훈제오리 샐러드랩,34,6200,0,210800,N
2026-08-14,파크점,냉장 간편식,RM-104,우삼겹 된장찌개,37,6800,0,251600,N
2026-08-14,파크점,냉장 간편식,RM-105,새우 로제파스타,38,7200,0,273600,N
2026-08-14,파크점,냉장 간편식,RM-106,닭가슴살 곤약비빔밥,34,5200,0,176800,N
2026-08-14,파크점,신선식품,FR-201,국내산 삼겹살 500g,23,13900,0,319700,N
2026-08-14,파크점,신선식품,FR-202,친환경 방울토마토,20,4900,0,98000,N
2026-08-14,파크점,신선식품,FR-203,손질 갈치 2미,18,9800,0,176400,N
2026-08-14,파크점,유제품,DR-301,1A 우유 900mL,28,3200,0,89600,N
2026-08-14,파크점,유제품,DR-302,그릭요거트 4입,28,6900,0,193200,N
2026-08-14,파크점,유제품,DR-303,체다 슬라이스 치즈,27,5400,0,145800,N
2026-08-14,파크점,가공식품,PR-401,프리미엄 즉석밥 12입,17,12900,0,219300,N
2026-08-14,파크점,가공식품,PR-402,저염 참치캔 6입,16,11500,0,184000,N
2026-08-14,파크점,가공식품,PR-403,국물용 멸치 200g,15,8900,0,133500,N
2026-08-14,파크점,음료,BV-501,탄산수 500mL 6입,24,4500,0,108000,N
2026-08-14,파크점,음료,BV-502,콜드브루 아메리카노,27,3800,0,102600,N
2026-08-14,파크점,음료,BV-503,제주 감귤주스 1L,21,5600,0,117600,N
2026-08-14,파크점,생활용품,LV-601,3겹 화장지 30롤,10,15900,0,159000,N
2026-08-14,파크점,생활용품,LV-602,주방세제 리필 2입,10,6700,0,67000,N
2026-08-15,센트럴점,냉장 간편식,RM-101,한끼 소불고기덮밥,58,5900,0,342200,N
2026-08-15,센트럴점,냉장 간편식,RM-102,매콤 닭갈비볶음밥,58,5500,0,319000,N
2026-08-15,센트럴점,냉장 간편식,RM-103,훈제오리 샐러드랩,58,6200,0,359600,N
2026-08-15,센트럴점,냉장 간편식,RM-104,우삼겹 된장찌개,52,6800,0,353600,N
2026-08-15,센트럴점,냉장 간편식,RM-105,새우 로제파스타,58,7200,0,417600,N
2026-08-15,센트럴점,냉장 간편식,RM-106,닭가슴살 곤약비빔밥,43,5200,0,223600,N
2026-08-15,센트럴점,신선식품,FR-201,국내산 삼겹살 500g,30,13900,0,417000,N
2026-08-15,센트럴점,신선식품,FR-202,친환경 방울토마토,35,4900,0,171500,N
2026-08-15,센트럴점,신선식품,FR-203,손질 갈치 2미,33,9800,0,323400,N
2026-08-15,센트럴점,유제품,DR-301,1A 우유 900mL,35,3200,0,112000,N
2026-08-15,센트럴점,유제품,DR-302,그릭요거트 4입,43,6900,0,296700,N
2026-08-15,센트럴점,유제품,DR-303,체다 슬라이스 치즈,37,5400,0,199800,N
2026-08-15,센트럴점,가공식품,PR-401,프리미엄 즉석밥 12입,25,12900,0,322500,N
2026-08-15,센트럴점,가공식품,PR-402,저염 참치캔 6입,22,11500,0,253000,N
2026-08-15,센트럴점,가공식품,PR-403,국물용 멸치 200g,28,8900,0,249200,N
2026-08-15,센트럴점,음료,BV-501,탄산수 500mL 6입,31,4500,0,139500,N
2026-08-15,센트럴점,음료,BV-502,콜드브루 아메리카노,30,3800,0,114000,N
2026-08-15,센트럴점,음료,BV-503,제주 감귤주스 1L,31,5600,0,173600,N
2026-08-15,센트럴점,생활용품,LV-601,3겹 화장지 30롤,15,15900,0,238500,N
2026-08-15,센트럴점,생활용품,LV-602,주방세제 리필 2입,16,6700,0,107200,N
2026-08-15,리버점,냉장 간편식,RM-101,한끼 소불고기덮밥,32,5900,0,188800,N
2026-08-15,리버점,냉장 간편식,RM-102,매콤 닭갈비볶음밥,32,5500,0,176000,N
2026-08-15,리버점,냉장 간편식,RM-103,훈제오리 샐러드랩,27,6200,0,167400,N
2026-08-15,리버점,냉장 간편식,RM-104,우삼겹 된장찌개,28,6800,0,190400,N
2026-08-15,리버점,냉장 간편식,RM-105,새우 로제파스타,36,7200,0,259200,N
2026-08-15,리버점,냉장 간편식,RM-106,닭가슴살 곤약비빔밥,37,5200,0,192400,N
2026-08-15,리버점,신선식품,FR-201,국내산 삼겹살 500g,16,13900,0,222400,N
2026-08-15,리버점,신선식품,FR-202,친환경 방울토마토,16,4900,0,78400,N
2026-08-15,리버점,신선식품,FR-203,손질 갈치 2미,19,9800,0,186200,N
2026-08-15,리버점,유제품,DR-301,1A 우유 900mL,29,3200,0,92800,N
2026-08-15,리버점,유제품,DR-302,그릭요거트 4입,23,6900,0,158700,N
2026-08-15,리버점,유제품,DR-303,체다 슬라이스 치즈,27,5400,0,145800,N
2026-08-15,리버점,가공식품,PR-401,프리미엄 즉석밥 12입,18,12900,0,232200,N
2026-08-15,리버점,가공식품,PR-402,저염 참치캔 6입,14,11500,0,161000,N
2026-08-15,리버점,가공식품,PR-403,국물용 멸치 200g,14,8900,0,124600,N
2026-08-15,리버점,음료,BV-501,탄산수 500mL 6입,21,4500,0,94500,N
2026-08-15,리버점,음료,BV-502,콜드브루 아메리카노,23,3800,0,87400,N
2026-08-15,리버점,음료,BV-503,제주 감귤주스 1L,21,5600,0,117600,N
2026-08-15,리버점,생활용품,LV-601,3겹 화장지 30롤,9,15900,0,143100,N
2026-08-15,리버점,생활용품,LV-602,주방세제 리필 2입,11,6700,0,73700,N
2026-08-15,파크점,냉장 간편식,RM-101,한끼 소불고기덮밥,37,5900,0,218300,N
2026-08-15,파크점,냉장 간편식,RM-102,매콤 닭갈비볶음밥,45,5500,0,247500,N
2026-08-15,파크점,냉장 간편식,RM-103,훈제오리 샐러드랩,38,6200,0,235600,N
2026-08-15,파크점,냉장 간편식,RM-104,우삼겹 된장찌개,32,6800,0,217600,N
2026-08-15,파크점,냉장 간편식,RM-105,새우 로제파스타,32,7200,0,230400,N
2026-08-15,파크점,냉장 간편식,RM-106,닭가슴살 곤약비빔밥,35,5200,0,182000,N
2026-08-15,파크점,신선식품,FR-201,국내산 삼겹살 500g,26,13900,0,361400,N
2026-08-15,파크점,신선식품,FR-202,친환경 방울토마토,22,4900,0,107800,N
2026-08-15,파크점,신선식품,FR-203,손질 갈치 2미,18,9800,0,176400,N
2026-08-15,파크점,유제품,DR-301,1A 우유 900mL,32,3200,0,102400,N
2026-08-15,파크점,유제품,DR-302,그릭요거트 4입,29,6900,0,200100,N
2026-08-15,파크점,유제품,DR-303,체다 슬라이스 치즈,31,5400,0,167400,N
2026-08-15,파크점,가공식품,PR-401,프리미엄 즉석밥 12입,17,12900,0,219300,N
2026-08-15,파크점,가공식품,PR-402,저염 참치캔 6입,16,11500,0,184000,N
2026-08-15,파크점,가공식품,PR-403,국물용 멸치 200g,16,8900,0,142400,N
2026-08-15,파크점,음료,BV-501,탄산수 500mL 6입,29,4500,0,130500,N
2026-08-15,파크점,음료,BV-502,콜드브루 아메리카노,24,3800,0,91200,N
2026-08-15,파크점,음료,BV-503,제주 감귤주스 1L,25,5600,0,140000,N
2026-08-15,파크점,생활용품,LV-601,3겹 화장지 30롤,14,15900,0,222600,N
2026-08-15,파크점,생활용품,LV-602,주방세제 리필 2입,12,6700,0,80400,N
2026-08-16,센트럴점,냉장 간편식,RM-101,한끼 소불고기덮밥,49,5900,0,289100,N
2026-08-16,센트럴점,냉장 간편식,RM-102,매콤 닭갈비볶음밥,48,5500,0,264000,N
2026-08-16,센트럴점,냉장 간편식,RM-103,훈제오리 샐러드랩,42,6200,0,260400,N
2026-08-16,센트럴점,냉장 간편식,RM-104,우삼겹 된장찌개,52,6800,0,353600,N
2026-08-16,센트럴점,냉장 간편식,RM-105,새우 로제파스타,47,7200,0,338400,N
2026-08-16,센트럴점,냉장 간편식,RM-106,닭가슴살 곤약비빔밥,43,5200,0,223600,N
2026-08-16,센트럴점,신선식품,FR-201,국내산 삼겹살 500g,22,13900,0,305800,N
2026-08-16,센트럴점,신선식품,FR-202,친환경 방울토마토,22,4900,0,107800,N
2026-08-16,센트럴점,신선식품,FR-203,손질 갈치 2미,26,9800,0,254800,N
2026-08-16,센트럴점,유제품,DR-301,1A 우유 900mL,36,3200,0,115200,N
2026-08-16,센트럴점,유제품,DR-302,그릭요거트 4입,35,6900,0,241500,N
2026-08-16,센트럴점,유제품,DR-303,체다 슬라이스 치즈,37,5400,0,199800,N
2026-08-16,센트럴점,가공식품,PR-401,프리미엄 즉석밥 12입,17,12900,0,219300,N
2026-08-16,센트럴점,가공식품,PR-402,저염 참치캔 6입,22,11500,0,253000,N
2026-08-16,센트럴점,가공식품,PR-403,국물용 멸치 200g,24,8900,0,213600,N
2026-08-16,센트럴점,음료,BV-501,탄산수 500mL 6입,25,4500,0,112500,N
2026-08-16,센트럴점,음료,BV-502,콜드브루 아메리카노,33,3800,0,125400,N
2026-08-16,센트럴점,음료,BV-503,제주 감귤주스 1L,29,5600,0,162400,N
2026-08-16,센트럴점,생활용품,LV-601,3겹 화장지 30롤,13,15900,0,206700,N
2026-08-16,센트럴점,생활용품,LV-602,주방세제 리필 2입,16,6700,0,107200,N
2026-08-16,리버점,냉장 간편식,RM-101,한끼 소불고기덮밥,27,5900,0,159300,N
2026-08-16,리버점,냉장 간편식,RM-102,매콤 닭갈비볶음밥,29,5500,0,159500,N
2026-08-16,리버점,냉장 간편식,RM-103,훈제오리 샐러드랩,31,6200,0,192200,N
2026-08-16,리버점,냉장 간편식,RM-104,우삼겹 된장찌개,30,6800,0,204000,N
2026-08-16,리버점,냉장 간편식,RM-105,새우 로제파스타,23,7200,0,165600,N
2026-08-16,리버점,냉장 간편식,RM-106,닭가슴살 곤약비빔밥,27,5200,0,140400,N
2026-08-16,리버점,신선식품,FR-201,국내산 삼겹살 500g,15,13900,0,208500,N
2026-08-16,리버점,신선식품,FR-202,친환경 방울토마토,16,4900,0,78400,N
2026-08-16,리버점,신선식품,FR-203,손질 갈치 2미,16,9800,0,156800,N
2026-08-16,리버점,유제품,DR-301,1A 우유 900mL,19,3200,0,60800,N
2026-08-16,리버점,유제품,DR-302,그릭요거트 4입,19,6900,0,131100,N
2026-08-16,리버점,유제품,DR-303,체다 슬라이스 치즈,25,5400,0,135000,N
2026-08-16,리버점,가공식품,PR-401,프리미엄 즉석밥 12입,14,12900,0,180600,N
2026-08-16,리버점,가공식품,PR-402,저염 참치캔 6입,15,11500,0,172500,N
2026-08-16,리버점,가공식품,PR-403,국물용 멸치 200g,13,8900,0,115700,N
2026-08-16,리버점,음료,BV-501,탄산수 500mL 6입,19,4500,0,85500,N
2026-08-16,리버점,음료,BV-502,콜드브루 아메리카노,20,3800,0,76000,N
2026-08-16,리버점,음료,BV-503,제주 감귤주스 1L,18,5600,0,100800,N
2026-08-16,리버점,생활용품,LV-601,3겹 화장지 30롤,9,15900,0,143100,N
2026-08-16,리버점,생활용품,LV-602,주방세제 리필 2입,9,6700,0,60300,N
2026-08-16,파크점,냉장 간편식,RM-101,한끼 소불고기덮밥,35,5900,0,206500,N
2026-08-16,파크점,냉장 간편식,RM-102,매콤 닭갈비볶음밥,30,5500,0,165000,N
2026-08-16,파크점,냉장 간편식,RM-103,훈제오리 샐러드랩,31,6200,0,192200,N
2026-08-16,파크점,냉장 간편식,RM-104,우삼겹 된장찌개,38,6800,0,258400,N
2026-08-16,파크점,냉장 간편식,RM-105,새우 로제파스타,31,7200,0,223200,N
2026-08-16,파크점,냉장 간편식,RM-106,닭가슴살 곤약비빔밥,36,5200,0,187200,N
2026-08-16,파크점,신선식품,FR-201,국내산 삼겹살 500g,22,13900,0,305800,N
2026-08-16,파크점,신선식품,FR-202,친환경 방울토마토,20,4900,0,98000,N
2026-08-16,파크점,신선식품,FR-203,손질 갈치 2미,21,9800,0,205800,N
2026-08-16,파크점,유제품,DR-301,1A 우유 900mL,22,3200,0,70400,N
2026-08-16,파크점,유제품,DR-302,그릭요거트 4입,30,6900,0,207000,N
2026-08-16,파크점,유제품,DR-303,체다 슬라이스 치즈,26,5400,0,140400,N
2026-08-16,파크점,가공식품,PR-401,프리미엄 즉석밥 12입,18,12900,0,232200,N
2026-08-16,파크점,가공식품,PR-402,저염 참치캔 6입,16,11500,0,184000,N
2026-08-16,파크점,가공식품,PR-403,국물용 멸치 200g,14,8900,0,124600,N
2026-08-16,파크점,음료,BV-501,탄산수 500mL 6입,22,4500,0,99000,N
2026-08-16,파크점,음료,BV-502,콜드브루 아메리카노,23,3800,0,87400,N
2026-08-16,파크점,음료,BV-503,제주 감귤주스 1L,20,5600,0,112000,N
2026-08-16,파크점,생활용품,LV-601,3겹 화장지 30롤,11,15900,0,174900,N
2026-08-16,파크점,생활용품,LV-602,주방세제 리필 2입,9,6700,0,60300,N
2026-08-17,센트럴점,냉장 간편식,RM-101,한끼 소불고기덮밥,33,5900,0,194700,N
2026-08-17,센트럴점,냉장 간편식,RM-102,매콤 닭갈비볶음밥,29,5500,0,159500,N
2026-08-17,센트럴점,냉장 간편식,RM-103,훈제오리 샐러드랩,39,6200,0,241800,N
2026-08-17,센트럴점,냉장 간편식,RM-104,우삼겹 된장찌개,36,6800,0,244800,N
2026-08-17,센트럴점,냉장 간편식,RM-105,새우 로제파스타,34,7200,0,244800,N
2026-08-17,센트럴점,냉장 간편식,RM-106,닭가슴살 곤약비빔밥,28,5200,0,145600,N
2026-08-17,센트럴점,신선식품,FR-201,국내산 삼겹살 500g,23,13900,0,319700,N
2026-08-17,센트럴점,신선식품,FR-202,친환경 방울토마토,23,4900,0,112700,N
2026-08-17,센트럴점,신선식품,FR-203,손질 갈치 2미,20,9800,0,196000,N
2026-08-17,센트럴점,유제품,DR-301,1A 우유 900mL,22,3200,0,70400,N
2026-08-17,센트럴점,유제품,DR-302,그릭요거트 4입,29,6900,0,200100,N
2026-08-17,센트럴점,유제품,DR-303,체다 슬라이스 치즈,27,5400,0,145800,N
2026-08-17,센트럴점,가공식품,PR-401,프리미엄 즉석밥 12입,16,12900,0,206400,N
2026-08-17,센트럴점,가공식품,PR-402,저염 참치캔 6입,18,11500,0,207000,N
2026-08-17,센트럴점,가공식품,PR-403,국물용 멸치 200g,18,8900,0,160200,N
2026-08-17,센트럴점,음료,BV-501,탄산수 500mL 6입,23,4500,0,103500,N
2026-08-17,센트럴점,음료,BV-502,콜드브루 아메리카노,27,3800,0,102600,N
2026-08-17,센트럴점,음료,BV-503,제주 감귤주스 1L,27,5600,0,151200,N
2026-08-17,센트럴점,생활용품,LV-601,3겹 화장지 30롤,12,15900,0,190800,N
2026-08-17,센트럴점,생활용품,LV-602,주방세제 리필 2입,10,6700,0,67000,N
2026-08-17,리버점,냉장 간편식,RM-101,한끼 소불고기덮밥,23,5900,0,135700,N
2026-08-17,리버점,냉장 간편식,RM-102,매콤 닭갈비볶음밥,21,5500,0,115500,N
2026-08-17,리버점,냉장 간편식,RM-103,훈제오리 샐러드랩,23,6200,0,142600,N
2026-08-17,리버점,냉장 간편식,RM-104,우삼겹 된장찌개,20,6800,0,136000,N
2026-08-17,리버점,냉장 간편식,RM-105,새우 로제파스타,21,7200,0,151200,N
2026-08-17,리버점,냉장 간편식,RM-106,닭가슴살 곤약비빔밥,24,5200,0,124800,N
2026-08-17,리버점,신선식품,FR-201,국내산 삼겹살 500g,13,13900,0,180700,N
2026-08-17,리버점,신선식품,FR-202,친환경 방울토마토,10,4900,0,49000,N
2026-08-17,리버점,신선식품,FR-203,손질 갈치 2미,10,9800,0,98000,N
2026-08-17,리버점,유제품,DR-301,1A 우유 900mL,15,3200,0,48000,N
2026-08-17,리버점,유제품,DR-302,그릭요거트 4입,14,6900,0,96600,N
2026-08-17,리버점,유제품,DR-303,체다 슬라이스 치즈,17,5400,0,91800,N
2026-08-17,리버점,가공식품,PR-401,프리미엄 즉석밥 12입,10,12900,0,129000,N
2026-08-17,리버점,가공식품,PR-402,저염 참치캔 6입,8,11500,0,92000,N
2026-08-17,리버점,가공식품,PR-403,국물용 멸치 200g,10,8900,0,89000,N
2026-08-17,리버점,음료,BV-501,탄산수 500mL 6입,17,4500,0,76500,N
2026-08-17,리버점,음료,BV-502,콜드브루 아메리카노,13,3800,0,49400,N
2026-08-17,리버점,음료,BV-503,제주 감귤주스 1L,16,5600,0,89600,N
2026-08-17,리버점,생활용품,LV-601,3겹 화장지 30롤,6,15900,0,95400,N
2026-08-17,리버점,생활용품,LV-602,주방세제 리필 2입,7,6700,0,46900,N
2026-08-17,파크점,냉장 간편식,RM-101,한끼 소불고기덮밥,24,5900,0,141600,N
2026-08-17,파크점,냉장 간편식,RM-102,매콤 닭갈비볶음밥,28,5500,0,154000,N
2026-08-17,파크점,냉장 간편식,RM-103,훈제오리 샐러드랩,23,6200,0,142600,N
2026-08-17,파크점,냉장 간편식,RM-104,우삼겹 된장찌개,29,6800,0,197200,N
2026-08-17,파크점,냉장 간편식,RM-105,새우 로제파스타,28,7200,0,201600,N
2026-08-17,파크점,냉장 간편식,RM-106,닭가슴살 곤약비빔밥,28,5200,0,145600,N
2026-08-17,파크점,신선식품,FR-201,국내산 삼겹살 500g,13,13900,0,180700,N
2026-08-17,파크점,신선식품,FR-202,친환경 방울토마토,17,4900,0,83300,N
2026-08-17,파크점,신선식품,FR-203,손질 갈치 2미,13,9800,0,127400,N
2026-08-17,파크점,유제품,DR-301,1A 우유 900mL,21,3200,0,67200,N
2026-08-17,파크점,유제품,DR-302,그릭요거트 4입,19,6900,0,131100,N
2026-08-17,파크점,유제품,DR-303,체다 슬라이스 치즈,22,5400,0,118800,N
2026-08-17,파크점,가공식품,PR-401,프리미엄 즉석밥 12입,11,12900,0,141900,N
2026-08-17,파크점,가공식품,PR-402,저염 참치캔 6입,11,11500,0,126500,N
2026-08-17,파크점,가공식품,PR-403,국물용 멸치 200g,14,8900,0,124600,N
2026-08-17,파크점,음료,BV-501,탄산수 500mL 6입,18,4500,0,81000,N
2026-08-17,파크점,음료,BV-502,콜드브루 아메리카노,19,3800,0,72200,N
2026-08-17,파크점,음료,BV-503,제주 감귤주스 1L,16,5600,0,89600,N
2026-08-17,파크점,생활용품,LV-601,3겹 화장지 30롤,9,15900,0,143100,N
2026-08-17,파크점,생활용품,LV-602,주방세제 리필 2입,9,6700,0,60300,N
2026-08-18,센트럴점,냉장 간편식,RM-101,한끼 소불고기덮밥,32,5900,0,188800,N
2026-08-18,센트럴점,냉장 간편식,RM-102,매콤 닭갈비볶음밥,33,5500,0,181500,N
2026-08-18,센트럴점,냉장 간편식,RM-103,훈제오리 샐러드랩,33,6200,0,204600,N
2026-08-18,센트럴점,냉장 간편식,RM-104,우삼겹 된장찌개,37,6800,0,251600,N
2026-08-18,센트럴점,냉장 간편식,RM-105,새우 로제파스타,36,7200,0,259200,N
2026-08-18,센트럴점,냉장 간편식,RM-106,닭가슴살 곤약비빔밥,32,5200,0,166400,N
2026-08-18,센트럴점,신선식품,FR-201,국내산 삼겹살 500g,19,13900,0,264100,N
2026-08-18,센트럴점,신선식품,FR-202,친환경 방울토마토,18,4900,0,88200,N
2026-08-18,센트럴점,신선식품,FR-203,손질 갈치 2미,20,9800,0,196000,N
2026-08-18,센트럴점,유제품,DR-301,1A 우유 900mL,27,3200,0,86400,N
2026-08-18,센트럴점,유제품,DR-302,그릭요거트 4입,27,6900,0,186300,N
2026-08-18,센트럴점,유제품,DR-303,체다 슬라이스 치즈,25,5400,0,135000,N
2026-08-18,센트럴점,가공식품,PR-401,프리미엄 즉석밥 12입,14,12900,0,180600,N
2026-08-18,센트럴점,가공식품,PR-402,저염 참치캔 6입,16,11500,0,184000,N
2026-08-18,센트럴점,가공식품,PR-403,국물용 멸치 200g,13,8900,0,115700,N
2026-08-18,센트럴점,음료,BV-501,탄산수 500mL 6입,23,4500,0,103500,N
2026-08-18,센트럴점,음료,BV-502,콜드브루 아메리카노,19,3800,0,72200,N
2026-08-18,센트럴점,음료,BV-503,제주 감귤주스 1L,24,5600,0,134400,N
2026-08-18,센트럴점,생활용품,LV-601,3겹 화장지 30롤,11,15900,0,174900,N
2026-08-18,센트럴점,생활용품,LV-602,주방세제 리필 2입,11,6700,0,73700,N
2026-08-18,리버점,냉장 간편식,RM-101,한끼 소불고기덮밥,18,5900,0,106200,N
2026-08-18,리버점,냉장 간편식,RM-102,매콤 닭갈비볶음밥,21,5500,0,115500,N
2026-08-18,리버점,냉장 간편식,RM-103,훈제오리 샐러드랩,21,6200,0,130200,N
2026-08-18,리버점,냉장 간편식,RM-104,우삼겹 된장찌개,16,6800,0,108800,N
2026-08-18,리버점,냉장 간편식,RM-105,새우 로제파스타,23,7200,0,165600,N
2026-08-18,리버점,냉장 간편식,RM-106,닭가슴살 곤약비빔밥,18,5200,0,93600,N
2026-08-18,리버점,신선식품,FR-201,국내산 삼겹살 500g,10,13900,0,139000,N
2026-08-18,리버점,신선식품,FR-202,친환경 방울토마토,11,4900,0,53900,N
2026-08-18,리버점,신선식품,FR-203,손질 갈치 2미,13,9800,0,127400,N
2026-08-18,리버점,유제품,DR-301,1A 우유 900mL,15,3200,0,48000,N
2026-08-18,리버점,유제품,DR-302,그릭요거트 4입,16,6900,0,110400,N
2026-08-18,리버점,유제품,DR-303,체다 슬라이스 치즈,15,5400,0,81000,N
2026-08-18,리버점,가공식품,PR-401,프리미엄 즉석밥 12입,10,12900,0,129000,N
2026-08-18,리버점,가공식품,PR-402,저염 참치캔 6입,11,11500,0,126500,N
2026-08-18,리버점,가공식품,PR-403,국물용 멸치 200g,9,8900,0,80100,N
2026-08-18,리버점,음료,BV-501,탄산수 500mL 6입,14,4500,0,63000,N
2026-08-18,리버점,음료,BV-502,콜드브루 아메리카노,14,3800,0,53200,N
2026-08-18,리버점,음료,BV-503,제주 감귤주스 1L,12,5600,0,67200,N
2026-08-18,리버점,생활용품,LV-601,3겹 화장지 30롤,6,15900,0,95400,N
2026-08-18,리버점,생활용품,LV-602,주방세제 리필 2입,7,6700,0,46900,N
2026-08-18,파크점,냉장 간편식,RM-101,한끼 소불고기덮밥,20,5900,0,118000,N
2026-08-18,파크점,냉장 간편식,RM-102,매콤 닭갈비볶음밥,28,5500,0,154000,N
2026-08-18,파크점,냉장 간편식,RM-103,훈제오리 샐러드랩,25,6200,0,155000,N
2026-08-18,파크점,냉장 간편식,RM-104,우삼겹 된장찌개,24,6800,0,163200,N
2026-08-18,파크점,냉장 간편식,RM-105,새우 로제파스타,25,7200,0,180000,N
2026-08-18,파크점,냉장 간편식,RM-106,닭가슴살 곤약비빔밥,25,5200,0,130000,N
2026-08-18,파크점,신선식품,FR-201,국내산 삼겹살 500g,14,13900,0,194600,N
2026-08-18,파크점,신선식품,FR-202,친환경 방울토마토,12,4900,0,58800,N
2026-08-18,파크점,신선식품,FR-203,손질 갈치 2미,14,9800,0,137200,N
2026-08-18,파크점,유제품,DR-301,1A 우유 900mL,16,3200,0,51200,N
2026-08-18,파크점,유제품,DR-302,그릭요거트 4입,19,6900,0,131100,N
2026-08-18,파크점,유제품,DR-303,체다 슬라이스 치즈,22,5400,0,118800,N
2026-08-18,파크점,가공식품,PR-401,프리미엄 즉석밥 12입,11,12900,0,141900,N
2026-08-18,파크점,가공식품,PR-402,저염 참치캔 6입,10,11500,0,115000,N
2026-08-18,파크점,가공식품,PR-403,국물용 멸치 200g,10,8900,0,89000,N
2026-08-18,파크점,음료,BV-501,탄산수 500mL 6입,15,4500,0,67500,N
2026-08-18,파크점,음료,BV-502,콜드브루 아메리카노,17,3800,0,64600,N
2026-08-18,파크점,음료,BV-503,제주 감귤주스 1L,17,5600,0,95200,N
2026-08-18,파크점,생활용품,LV-601,3겹 화장지 30롤,7,15900,0,111300,N
2026-08-18,파크점,생활용품,LV-602,주방세제 리필 2입,9,6700,0,60300,N
2026-08-19,센트럴점,냉장 간편식,RM-101,한끼 소불고기덮밥,36,5900,0,212400,N
2026-08-19,센트럴점,냉장 간편식,RM-102,매콤 닭갈비볶음밥,41,5500,0,225500,N
2026-08-19,센트럴점,냉장 간편식,RM-103,훈제오리 샐러드랩,41,6200,0,254200,N
2026-08-19,센트럴점,냉장 간편식,RM-104,우삼겹 된장찌개,32,6800,0,217600,N
2026-08-19,센트럴점,냉장 간편식,RM-105,새우 로제파스타,29,7200,0,208800,N
2026-08-19,센트럴점,냉장 간편식,RM-106,닭가슴살 곤약비빔밥,29,5200,0,150800,N
2026-08-19,센트럴점,신선식품,FR-201,국내산 삼겹살 500g,23,13900,0,319700,N
2026-08-19,센트럴점,신선식품,FR-202,친환경 방울토마토,22,4900,0,107800,N
2026-08-19,센트럴점,신선식품,FR-203,손질 갈치 2미,21,9800,0,205800,N
2026-08-19,센트럴점,유제품,DR-301,1A 우유 900mL,31,3200,0,99200,N
2026-08-19,센트럴점,유제품,DR-302,그릭요거트 4입,30,6900,0,207000,N
2026-08-19,센트럴점,유제품,DR-303,체다 슬라이스 치즈,25,5400,0,135000,N
2026-08-19,센트럴점,가공식품,PR-401,프리미엄 즉석밥 12입,16,12900,0,206400,N
2026-08-19,센트럴점,가공식품,PR-402,저염 참치캔 6입,19,11500,0,218500,N
2026-08-19,센트럴점,가공식품,PR-403,국물용 멸치 200g,18,8900,0,160200,N
2026-08-19,센트럴점,음료,BV-501,탄산수 500mL 6입,22,4500,0,99000,N
2026-08-19,센트럴점,음료,BV-502,콜드브루 아메리카노,26,3800,0,98800,N
2026-08-19,센트럴점,음료,BV-503,제주 감귤주스 1L,26,5600,0,145600,N
2026-08-19,센트럴점,생활용품,LV-601,3겹 화장지 30롤,11,15900,0,174900,N
2026-08-19,센트럴점,생활용품,LV-602,주방세제 리필 2입,11,6700,0,73700,N
2026-08-19,리버점,냉장 간편식,RM-101,한끼 소불고기덮밥,23,5900,0,135700,N
2026-08-19,리버점,냉장 간편식,RM-102,매콤 닭갈비볶음밥,21,5500,0,115500,N
2026-08-19,리버점,냉장 간편식,RM-103,훈제오리 샐러드랩,24,6200,0,148800,N
2026-08-19,리버점,냉장 간편식,RM-104,우삼겹 된장찌개,22,6800,0,149600,N
2026-08-19,리버점,냉장 간편식,RM-105,새우 로제파스타,23,7200,0,165600,N
2026-08-19,리버점,냉장 간편식,RM-106,닭가슴살 곤약비빔밥,18,5200,0,93600,N
2026-08-19,리버점,신선식품,FR-201,국내산 삼겹살 500g,11,13900,0,152900,N
2026-08-19,리버점,신선식품,FR-202,친환경 방울토마토,14,4900,0,68600,N
2026-08-19,리버점,신선식품,FR-203,손질 갈치 2미,15,9800,0,147000,N
2026-08-19,리버점,유제품,DR-301,1A 우유 900mL,16,3200,0,51200,N
2026-08-19,리버점,유제품,DR-302,그릭요거트 4입,17,6900,0,117300,N
2026-08-19,리버점,유제품,DR-303,체다 슬라이스 치즈,15,5400,0,81000,N
2026-08-19,리버점,가공식품,PR-401,프리미엄 즉석밥 12입,12,12900,0,154800,N
2026-08-19,리버점,가공식품,PR-402,저염 참치캔 6입,11,11500,0,126500,N
2026-08-19,리버점,가공식품,PR-403,국물용 멸치 200g,9,8900,0,80100,N
2026-08-19,리버점,음료,BV-501,탄산수 500mL 6입,13,4500,0,58500,N
2026-08-19,리버점,음료,BV-502,콜드브루 아메리카노,16,3800,0,60800,N
2026-08-19,리버점,음료,BV-503,제주 감귤주스 1L,13,5600,0,72800,N
2026-08-19,리버점,생활용품,LV-601,3겹 화장지 30롤,7,15900,0,111300,N
2026-08-19,리버점,생활용품,LV-602,주방세제 리필 2입,6,6700,0,40200,N
2026-08-19,파크점,냉장 간편식,RM-101,한끼 소불고기덮밥,22,5900,0,129800,N
2026-08-19,파크점,냉장 간편식,RM-102,매콤 닭갈비볶음밥,27,5500,0,148500,N
2026-08-19,파크점,냉장 간편식,RM-103,훈제오리 샐러드랩,27,6200,0,167400,N
2026-08-19,파크점,냉장 간편식,RM-104,우삼겹 된장찌개,27,6800,0,183600,N
2026-08-19,파크점,냉장 간편식,RM-105,새우 로제파스타,22,7200,0,158400,N
2026-08-19,파크점,냉장 간편식,RM-106,닭가슴살 곤약비빔밥,27,5200,0,140400,N
2026-08-19,파크점,신선식품,FR-201,국내산 삼겹살 500g,14,13900,0,194600,N
2026-08-19,파크점,신선식품,FR-202,친환경 방울토마토,13,4900,0,63700,N
2026-08-19,파크점,신선식품,FR-203,손질 갈치 2미,17,9800,0,166600,N
2026-08-19,파크점,유제품,DR-301,1A 우유 900mL,23,3200,0,73600,N
2026-08-19,파크점,유제품,DR-302,그릭요거트 4입,22,6900,0,151800,N
2026-08-19,파크점,유제품,DR-303,체다 슬라이스 치즈,20,5400,0,108000,N
2026-08-19,파크점,가공식품,PR-401,프리미엄 즉석밥 12입,14,12900,0,180600,N
2026-08-19,파크점,가공식품,PR-402,저염 참치캔 6입,13,11500,0,149500,N
2026-08-19,파크점,가공식품,PR-403,국물용 멸치 200g,11,8900,0,97900,N
2026-08-19,파크점,음료,BV-501,탄산수 500mL 6입,18,4500,0,81000,N
2026-08-19,파크점,음료,BV-502,콜드브루 아메리카노,20,3800,0,76000,N
2026-08-19,파크점,음료,BV-503,제주 감귤주스 1L,20,5600,0,112000,N
2026-08-19,파크점,생활용품,LV-601,3겹 화장지 30롤,8,15900,0,127200,N
2026-08-19,파크점,생활용품,LV-602,주방세제 리필 2입,7,6700,0,46900,N
2026-08-20,센트럴점,냉장 간편식,RM-101,한끼 소불고기덮밥,37,5900,0,218300,N
2026-08-20,센트럴점,냉장 간편식,RM-102,매콤 닭갈비볶음밥,34,5500,0,187000,N
2026-08-20,센트럴점,냉장 간편식,RM-103,훈제오리 샐러드랩,36,6200,0,223200,N
2026-08-20,센트럴점,냉장 간편식,RM-104,우삼겹 된장찌개,32,6800,0,217600,N
2026-08-20,센트럴점,냉장 간편식,RM-105,새우 로제파스타,37,7200,0,266400,N
2026-08-20,센트럴점,냉장 간편식,RM-106,닭가슴살 곤약비빔밥,33,5200,0,171600,N
2026-08-20,센트럴점,신선식품,FR-201,국내산 삼겹살 500g,23,13900,0,319700,N
2026-08-20,센트럴점,신선식품,FR-202,친환경 방울토마토,22,4900,0,107800,N
2026-08-20,센트럴점,신선식품,FR-203,손질 갈치 2미,19,9800,0,186200,N
2026-08-20,센트럴점,유제품,DR-301,1A 우유 900mL,32,3200,0,102400,N
2026-08-20,센트럴점,유제품,DR-302,그릭요거트 4입,25,6900,0,172500,N
2026-08-20,센트럴점,유제품,DR-303,체다 슬라이스 치즈,32,5400,0,172800,N
2026-08-20,센트럴점,가공식품,PR-401,프리미엄 즉석밥 12입,21,12900,0,270900,N
2026-08-20,센트럴점,가공식품,PR-402,저염 참치캔 6입,15,11500,0,172500,N
2026-08-20,센트럴점,가공식품,PR-403,국물용 멸치 200g,20,8900,0,178000,N
2026-08-20,센트럴점,음료,BV-501,탄산수 500mL 6입,23,4500,0,103500,N
2026-08-20,센트럴점,음료,BV-502,콜드브루 아메리카노,30,3800,0,114000,N
2026-08-20,센트럴점,음료,BV-503,제주 감귤주스 1L,30,5600,0,168000,N
2026-08-20,센트럴점,생활용품,LV-601,3겹 화장지 30롤,13,15900,0,206700,N
2026-08-20,센트럴점,생활용품,LV-602,주방세제 리필 2입,13,6700,0,87100,N
2026-08-20,리버점,냉장 간편식,RM-101,한끼 소불고기덮밥,20,5900,0,118000,N
2026-08-20,리버점,냉장 간편식,RM-102,매콤 닭갈비볶음밥,23,5500,0,126500,N
2026-08-20,리버점,냉장 간편식,RM-103,훈제오리 샐러드랩,21,6200,0,130200,N
2026-08-20,리버점,냉장 간편식,RM-104,우삼겹 된장찌개,21,6800,0,142800,N
2026-08-20,리버점,냉장 간편식,RM-105,새우 로제파스타,20,7200,0,144000,N
2026-08-20,리버점,냉장 간편식,RM-106,닭가슴살 곤약비빔밥,21,5200,0,109200,N
2026-08-20,리버점,신선식품,FR-201,국내산 삼겹살 500g,14,13900,0,194600,N
2026-08-20,리버점,신선식품,FR-202,친환경 방울토마토,15,4900,0,73500,N
2026-08-20,리버점,신선식품,FR-203,손질 갈치 2미,16,9800,0,156800,N
2026-08-20,리버점,유제품,DR-301,1A 우유 900mL,16,3200,0,51200,N
2026-08-20,리버점,유제품,DR-302,그릭요거트 4입,20,6900,0,138000,N
2026-08-20,리버점,유제품,DR-303,체다 슬라이스 치즈,19,5400,0,102600,N
2026-08-20,리버점,가공식품,PR-401,프리미엄 즉석밥 12입,11,12900,0,141900,N
2026-08-20,리버점,가공식품,PR-402,저염 참치캔 6입,10,11500,0,115000,N
2026-08-20,리버점,가공식품,PR-403,국물용 멸치 200g,9,8900,0,80100,N
2026-08-20,리버점,음료,BV-501,탄산수 500mL 6입,16,4500,0,72000,N
2026-08-20,리버점,음료,BV-502,콜드브루 아메리카노,19,3800,0,72200,N
2026-08-20,리버점,음료,BV-503,제주 감귤주스 1L,17,5600,0,95200,N
2026-08-20,리버점,생활용품,LV-601,3겹 화장지 30롤,6,15900,0,95400,N
2026-08-20,리버점,생활용품,LV-602,주방세제 리필 2입,7,6700,0,46900,N
2026-08-20,파크점,냉장 간편식,RM-101,한끼 소불고기덮밥,23,5900,0,135700,N
2026-08-20,파크점,냉장 간편식,RM-102,매콤 닭갈비볶음밥,30,5500,0,165000,N
2026-08-20,파크점,냉장 간편식,RM-103,훈제오리 샐러드랩,24,6200,0,148800,N
2026-08-20,파크점,냉장 간편식,RM-104,우삼겹 된장찌개,28,6800,0,190400,N
2026-08-20,파크점,냉장 간편식,RM-105,새우 로제파스타,31,7200,0,223200,N
2026-08-20,파크점,냉장 간편식,RM-106,닭가슴살 곤약비빔밥,27,5200,0,140400,N
2026-08-20,파크점,신선식품,FR-201,국내산 삼겹살 500g,18,13900,0,250200,N
2026-08-20,파크점,신선식품,FR-202,친환경 방울토마토,16,4900,0,78400,N
2026-08-20,파크점,신선식품,FR-203,손질 갈치 2미,17,9800,0,166600,N
2026-08-20,파크점,유제품,DR-301,1A 우유 900mL,26,3200,0,83200,N
2026-08-20,파크점,유제품,DR-302,그릭요거트 4입,25,6900,0,172500,N
2026-08-20,파크점,유제품,DR-303,체다 슬라이스 치즈,23,5400,0,124200,N
2026-08-20,파크점,가공식품,PR-401,프리미엄 즉석밥 12입,15,12900,0,193500,N
2026-08-20,파크점,가공식품,PR-402,저염 참치캔 6입,12,11500,0,138000,N
2026-08-20,파크점,가공식품,PR-403,국물용 멸치 200g,12,8900,0,106800,N
2026-08-20,파크점,음료,BV-501,탄산수 500mL 6입,18,4500,0,81000,N
2026-08-20,파크점,음료,BV-502,콜드브루 아메리카노,19,3800,0,72200,N
2026-08-20,파크점,음료,BV-503,제주 감귤주스 1L,16,5600,0,89600,N
2026-08-20,파크점,생활용품,LV-601,3겹 화장지 30롤,10,15900,0,159000,N
2026-08-20,파크점,생활용품,LV-602,주방세제 리필 2입,8,6700,0,53600,N
2026-08-21,센트럴점,냉장 간편식,RM-101,한끼 소불고기덮밥,56,5900,0,330400,N
2026-08-21,센트럴점,냉장 간편식,RM-102,매콤 닭갈비볶음밥,49,5500,0,269500,N
2026-08-21,센트럴점,냉장 간편식,RM-103,훈제오리 샐러드랩,55,6200,0,341000,N
2026-08-21,센트럴점,냉장 간편식,RM-104,우삼겹 된장찌개,40,6800,0,272000,N
2026-08-21,센트럴점,냉장 간편식,RM-105,새우 로제파스타,49,7200,0,352800,N
2026-08-21,센트럴점,냉장 간편식,RM-106,닭가슴살 곤약비빔밥,53,5200,0,275600,N
2026-08-21,센트럴점,신선식품,FR-201,국내산 삼겹살 500g,32,13900,0,444800,N
2026-08-21,센트럴점,신선식품,FR-202,친환경 방울토마토,25,4900,0,122500,N
2026-08-21,센트럴점,신선식품,FR-203,손질 갈치 2미,25,9800,0,245000,N
2026-08-21,센트럴점,유제품,DR-301,1A 우유 900mL,32,3200,0,102400,N
2026-08-21,센트럴점,유제품,DR-302,그릭요거트 4입,34,6900,0,234600,N
2026-08-21,센트럴점,유제품,DR-303,체다 슬라이스 치즈,39,5400,0,210600,N
2026-08-21,센트럴점,가공식품,PR-401,프리미엄 즉석밥 12입,22,12900,0,283800,N
2026-08-21,센트럴점,가공식품,PR-402,저염 참치캔 6입,19,11500,0,218500,N
2026-08-21,센트럴점,가공식품,PR-403,국물용 멸치 200g,24,8900,0,213600,N
2026-08-21,센트럴점,음료,BV-501,탄산수 500mL 6입,28,4500,0,126000,N
2026-08-21,센트럴점,음료,BV-502,콜드브루 아메리카노,31,3800,0,117800,N
2026-08-21,센트럴점,음료,BV-503,제주 감귤주스 1L,30,5600,0,168000,N
2026-08-21,센트럴점,생활용품,LV-601,3겹 화장지 30롤,13,15900,0,206700,N
2026-08-21,센트럴점,생활용품,LV-602,주방세제 리필 2입,14,6700,0,93800,N
2026-08-21,리버점,냉장 간편식,RM-101,한끼 소불고기덮밥,29,5900,0,171100,N
2026-08-21,리버점,냉장 간편식,RM-102,매콤 닭갈비볶음밥,29,5500,0,159500,N
2026-08-21,리버점,냉장 간편식,RM-103,훈제오리 샐러드랩,27,6200,0,167400,N
2026-08-21,리버점,냉장 간편식,RM-104,우삼겹 된장찌개,27,6800,0,183600,N
2026-08-21,리버점,냉장 간편식,RM-105,새우 로제파스타,25,7200,0,180000,N
2026-08-21,리버점,냉장 간편식,RM-106,닭가슴살 곤약비빔밥,31,5200,0,161200,N
2026-08-21,리버점,신선식품,FR-201,국내산 삼겹살 500g,20,13900,0,278000,N
2026-08-21,리버점,신선식품,FR-202,친환경 방울토마토,16,4900,0,78400,N
2026-08-21,리버점,신선식품,FR-203,손질 갈치 2미,15,9800,0,147000,N
2026-08-21,리버점,유제품,DR-301,1A 우유 900mL,23,3200,0,73600,N
2026-08-21,리버점,유제품,DR-302,그릭요거트 4입,23,6900,0,158700,N
2026-08-21,리버점,유제품,DR-303,체다 슬라이스 치즈,21,5400,0,113400,N
2026-08-21,리버점,가공식품,PR-401,프리미엄 즉석밥 12입,15,12900,0,193500,N
2026-08-21,리버점,가공식품,PR-402,저염 참치캔 6입,16,11500,0,184000,N
2026-08-21,리버점,가공식품,PR-403,국물용 멸치 200g,12,8900,0,106800,N
2026-08-21,리버점,음료,BV-501,탄산수 500mL 6입,18,4500,0,81000,N
2026-08-21,리버점,음료,BV-502,콜드브루 아메리카노,22,3800,0,83600,N
2026-08-21,리버점,음료,BV-503,제주 감귤주스 1L,23,5600,0,128800,N
2026-08-21,리버점,생활용품,LV-601,3겹 화장지 30롤,11,15900,0,174900,N
2026-08-21,리버점,생활용품,LV-602,주방세제 리필 2입,10,6700,0,67000,N
2026-08-21,파크점,냉장 간편식,RM-101,한끼 소불고기덮밥,35,5900,0,206500,N
2026-08-21,파크점,냉장 간편식,RM-102,매콤 닭갈비볶음밥,30,5500,0,165000,N
2026-08-21,파크점,냉장 간편식,RM-103,훈제오리 샐러드랩,39,6200,0,241800,N
2026-08-21,파크점,냉장 간편식,RM-104,우삼겹 된장찌개,37,6800,0,251600,N
2026-08-21,파크점,냉장 간편식,RM-105,새우 로제파스타,32,7200,0,230400,N
2026-08-21,파크점,냉장 간편식,RM-106,닭가슴살 곤약비빔밥,36,5200,0,187200,N
2026-08-21,파크점,신선식품,FR-201,국내산 삼겹살 500g,20,13900,0,278000,N
2026-08-21,파크점,신선식품,FR-202,친환경 방울토마토,17,4900,0,83300,N
2026-08-21,파크점,신선식품,FR-203,손질 갈치 2미,17,9800,0,166600,N
2026-08-21,파크점,유제품,DR-301,1A 우유 900mL,29,3200,0,92800,N
2026-08-21,파크점,유제품,DR-302,그릭요거트 4입,28,6900,0,193200,N
2026-08-21,파크점,유제품,DR-303,체다 슬라이스 치즈,25,5400,0,135000,N
2026-08-21,파크점,가공식품,PR-401,프리미엄 즉석밥 12입,18,12900,0,232200,N
2026-08-21,파크점,가공식품,PR-402,저염 참치캔 6입,15,11500,0,172500,N
2026-08-21,파크점,가공식품,PR-403,국물용 멸치 200g,15,8900,0,133500,N
2026-08-21,파크점,음료,BV-501,탄산수 500mL 6입,23,4500,0,103500,N
2026-08-21,파크점,음료,BV-502,콜드브루 아메리카노,25,3800,0,95000,N
2026-08-21,파크점,음료,BV-503,제주 감귤주스 1L,27,5600,0,151200,N
2026-08-21,파크점,생활용품,LV-601,3겹 화장지 30롤,9,15900,0,143100,N
2026-08-21,파크점,생활용품,LV-602,주방세제 리필 2입,9,6700,0,60300,N
2026-08-22,센트럴점,냉장 간편식,RM-101,한끼 소불고기덮밥,53,5900,0,312700,N
2026-08-22,센트럴점,냉장 간편식,RM-102,매콤 닭갈비볶음밥,53,5500,0,291500,N
2026-08-22,센트럴점,냉장 간편식,RM-103,훈제오리 샐러드랩,60,6200,0,372000,N
2026-08-22,센트럴점,냉장 간편식,RM-104,우삼겹 된장찌개,57,6800,0,387600,N
2026-08-22,센트럴점,냉장 간편식,RM-105,새우 로제파스타,44,7200,0,316800,N
2026-08-22,센트럴점,냉장 간편식,RM-106,닭가슴살 곤약비빔밥,43,5200,0,223600,N
2026-08-22,센트럴점,신선식품,FR-201,국내산 삼겹살 500g,33,13900,0,458700,N
2026-08-22,센트럴점,신선식품,FR-202,친환경 방울토마토,27,4900,0,132300,N
2026-08-22,센트럴점,신선식품,FR-203,손질 갈치 2미,33,9800,0,323400,N
2026-08-22,센트럴점,유제품,DR-301,1A 우유 900mL,37,3200,0,118400,N
2026-08-22,센트럴점,유제품,DR-302,그릭요거트 4입,49,6900,0,338100,N
2026-08-22,센트럴점,유제품,DR-303,체다 슬라이스 치즈,41,5400,0,221400,N
2026-08-22,센트럴점,가공식품,PR-401,프리미엄 즉석밥 12입,20,12900,0,258000,N
2026-08-22,센트럴점,가공식품,PR-402,저염 참치캔 6입,26,11500,0,299000,N
2026-08-22,센트럴점,가공식품,PR-403,국물용 멸치 200g,23,8900,0,204700,N
2026-08-22,센트럴점,음료,BV-501,탄산수 500mL 6입,35,4500,0,157500,N
2026-08-22,센트럴점,음료,BV-502,콜드브루 아메리카노,30,3800,0,114000,N
2026-08-22,센트럴점,음료,BV-503,제주 감귤주스 1L,39,5600,0,218400,N
2026-08-22,센트럴점,생활용품,LV-601,3겹 화장지 30롤,19,15900,0,302100,N
2026-08-22,센트럴점,생활용품,LV-602,주방세제 리필 2입,15,6700,0,100500,N
2026-08-22,리버점,냉장 간편식,RM-101,한끼 소불고기덮밥,36,5900,0,212400,N
2026-08-22,리버점,냉장 간편식,RM-102,매콤 닭갈비볶음밥,30,5500,0,165000,N
2026-08-22,리버점,냉장 간편식,RM-103,훈제오리 샐러드랩,37,6200,0,229400,N
2026-08-22,리버점,냉장 간편식,RM-104,우삼겹 된장찌개,33,6800,0,224400,N
2026-08-22,리버점,냉장 간편식,RM-105,새우 로제파스타,33,7200,0,237600,N
2026-08-22,리버점,냉장 간편식,RM-106,닭가슴살 곤약비빔밥,29,5200,0,150800,N
2026-08-22,리버점,신선식품,FR-201,국내산 삼겹살 500g,22,13900,0,305800,N
2026-08-22,리버점,신선식품,FR-202,친환경 방울토마토,17,4900,0,83300,N
2026-08-22,리버점,신선식품,FR-203,손질 갈치 2미,20,9800,0,196000,N
2026-08-22,리버점,유제품,DR-301,1A 우유 900mL,21,3200,0,67200,N
2026-08-22,리버점,유제품,DR-302,그릭요거트 4입,27,6900,0,186300,N
2026-08-22,리버점,유제품,DR-303,체다 슬라이스 치즈,26,5400,0,140400,N
2026-08-22,리버점,가공식품,PR-401,프리미엄 즉석밥 12입,14,12900,0,180600,N
2026-08-22,리버점,가공식품,PR-402,저염 참치캔 6입,16,11500,0,184000,N
2026-08-22,리버점,가공식품,PR-403,국물용 멸치 200g,17,8900,0,151300,N
2026-08-22,리버점,음료,BV-501,탄산수 500mL 6입,18,4500,0,81000,N
2026-08-22,리버점,음료,BV-502,콜드브루 아메리카노,22,3800,0,83600,N
2026-08-22,리버점,음료,BV-503,제주 감귤주스 1L,19,5600,0,106400,N
2026-08-22,리버점,생활용품,LV-601,3겹 화장지 30롤,9,15900,0,143100,N
2026-08-22,리버점,생활용품,LV-602,주방세제 리필 2입,12,6700,0,80400,N
2026-08-22,파크점,냉장 간편식,RM-101,한끼 소불고기덮밥,33,5900,0,194700,N
2026-08-22,파크점,냉장 간편식,RM-102,매콤 닭갈비볶음밥,32,5500,0,176000,N
2026-08-22,파크점,냉장 간편식,RM-103,훈제오리 샐러드랩,43,6200,0,266600,N
2026-08-22,파크점,냉장 간편식,RM-104,우삼겹 된장찌개,44,6800,0,299200,N
2026-08-22,파크점,냉장 간편식,RM-105,새우 로제파스타,37,7200,0,266400,N
2026-08-22,파크점,냉장 간편식,RM-106,닭가슴살 곤약비빔밥,45,5200,0,234000,N
2026-08-22,파크점,신선식품,FR-201,국내산 삼겹살 500g,19,13900,0,264100,N
2026-08-22,파크점,신선식품,FR-202,친환경 방울토마토,23,4900,0,112700,N
2026-08-22,파크점,신선식품,FR-203,손질 갈치 2미,23,9800,0,225400,N
2026-08-22,파크점,유제품,DR-301,1A 우유 900mL,26,3200,0,83200,N
2026-08-22,파크점,유제품,DR-302,그릭요거트 4입,33,6900,0,227700,N
2026-08-22,파크점,유제품,DR-303,체다 슬라이스 치즈,27,5400,0,145800,N
2026-08-22,파크점,가공식품,PR-401,프리미엄 즉석밥 12입,17,12900,0,219300,N
2026-08-22,파크점,가공식품,PR-402,저염 참치캔 6입,18,11500,0,207000,N
2026-08-22,파크점,가공식품,PR-403,국물용 멸치 200g,16,8900,0,142400,N
2026-08-22,파크점,음료,BV-501,탄산수 500mL 6입,27,4500,0,121500,N
2026-08-22,파크점,음료,BV-502,콜드브루 아메리카노,30,3800,0,114000,N
2026-08-22,파크점,음료,BV-503,제주 감귤주스 1L,27,5600,0,151200,N
2026-08-22,파크점,생활용품,LV-601,3겹 화장지 30롤,13,15900,0,206700,N
2026-08-22,파크점,생활용품,LV-602,주방세제 리필 2입,13,6700,0,87100,N
2026-08-23,센트럴점,냉장 간편식,RM-101,한끼 소불고기덮밥,49,5900,0,289100,N
2026-08-23,센트럴점,냉장 간편식,RM-102,매콤 닭갈비볶음밥,45,5500,0,247500,N
2026-08-23,센트럴점,냉장 간편식,RM-103,훈제오리 샐러드랩,44,6200,0,272800,N
2026-08-23,센트럴점,냉장 간편식,RM-104,우삼겹 된장찌개,38,6800,0,258400,N
2026-08-23,센트럴점,냉장 간편식,RM-105,새우 로제파스타,39,7200,0,280800,N
2026-08-23,센트럴점,냉장 간편식,RM-106,닭가슴살 곤약비빔밥,50,5200,0,260000,N
2026-08-23,센트럴점,신선식품,FR-201,국내산 삼겹살 500g,26,13900,0,361400,N
2026-08-23,센트럴점,신선식품,FR-202,친환경 방울토마토,27,4900,0,132300,N
2026-08-23,센트럴점,신선식품,FR-203,손질 갈치 2미,25,9800,0,245000,N
2026-08-23,센트럴점,유제품,DR-301,1A 우유 900mL,40,3200,0,128000,N
2026-08-23,센트럴점,유제품,DR-302,그릭요거트 4입,39,6900,0,269100,N
2026-08-23,센트럴점,유제품,DR-303,체다 슬라이스 치즈,30,5400,0,162000,N
2026-08-23,센트럴점,가공식품,PR-401,프리미엄 즉석밥 12입,18,12900,0,232200,N
2026-08-23,센트럴점,가공식품,PR-402,저염 참치캔 6입,24,11500,0,276000,N
2026-08-23,센트럴점,가공식품,PR-403,국물용 멸치 200g,19,8900,0,169100,N
2026-08-23,센트럴점,음료,BV-501,탄산수 500mL 6입,26,4500,0,117000,N
2026-08-23,센트럴점,음료,BV-502,콜드브루 아메리카노,32,3800,0,121600,N
2026-08-23,센트럴점,음료,BV-503,제주 감귤주스 1L,31,5600,0,173600,N
2026-08-23,센트럴점,생활용품,LV-601,3겹 화장지 30롤,14,15900,0,222600,N
2026-08-23,센트럴점,생활용품,LV-602,주방세제 리필 2입,16,6700,0,107200,N
2026-08-23,리버점,냉장 간편식,RM-101,한끼 소불고기덮밥,32,5900,0,188800,N
2026-08-23,리버점,냉장 간편식,RM-102,매콤 닭갈비볶음밥,31,5500,0,170500,N
2026-08-23,리버점,냉장 간편식,RM-103,훈제오리 샐러드랩,30,6200,0,186000,N
2026-08-23,리버점,냉장 간편식,RM-104,우삼겹 된장찌개,23,6800,0,156400,N
2026-08-23,리버점,냉장 간편식,RM-105,새우 로제파스타,26,7200,0,187200,N
2026-08-23,리버점,냉장 간편식,RM-106,닭가슴살 곤약비빔밥,26,5200,0,135200,N
2026-08-23,리버점,신선식품,FR-201,국내산 삼겹살 500g,19,13900,0,264100,N
2026-08-23,리버점,신선식품,FR-202,친환경 방울토마토,18,4900,0,88200,N
2026-08-23,리버점,신선식품,FR-203,손질 갈치 2미,19,9800,0,186200,N
2026-08-23,리버점,유제품,DR-301,1A 우유 900mL,19,3200,0,60800,N
2026-08-23,리버점,유제품,DR-302,그릭요거트 4입,23,6900,0,158700,N
2026-08-23,리버점,유제품,DR-303,체다 슬라이스 치즈,25,5400,0,135000,N
2026-08-23,리버점,가공식품,PR-401,프리미엄 즉석밥 12입,14,12900,0,180600,N
2026-08-23,리버점,가공식품,PR-402,저염 참치캔 6입,12,11500,0,138000,N
2026-08-23,리버점,가공식품,PR-403,국물용 멸치 200g,15,8900,0,133500,N
2026-08-23,리버점,음료,BV-501,탄산수 500mL 6입,16,4500,0,72000,N
2026-08-23,리버점,음료,BV-502,콜드브루 아메리카노,16,3800,0,60800,N
2026-08-23,리버점,음료,BV-503,제주 감귤주스 1L,16,5600,0,89600,N
2026-08-23,리버점,생활용품,LV-601,3겹 화장지 30롤,8,15900,0,127200,N
2026-08-23,리버점,생활용품,LV-602,주방세제 리필 2입,8,6700,0,53600,N
2026-08-23,파크점,냉장 간편식,RM-101,한끼 소불고기덮밥,35,5900,0,206500,N
2026-08-23,파크점,냉장 간편식,RM-102,매콤 닭갈비볶음밥,35,5500,0,192500,N
2026-08-23,파크점,냉장 간편식,RM-103,훈제오리 샐러드랩,34,6200,0,210800,N
2026-08-23,파크점,냉장 간편식,RM-104,우삼겹 된장찌개,31,6800,0,210800,N
2026-08-23,파크점,냉장 간편식,RM-105,새우 로제파스타,29,7200,0,208800,N
2026-08-23,파크점,냉장 간편식,RM-106,닭가슴살 곤약비빔밥,36,5200,0,187200,N
2026-08-23,파크점,신선식품,FR-201,국내산 삼겹살 500g,23,13900,0,319700,N
2026-08-23,파크점,신선식품,FR-202,친환경 방울토마토,17,4900,0,83300,N
2026-08-23,파크점,신선식품,FR-203,손질 갈치 2미,19,9800,0,186200,N
2026-08-23,파크점,유제품,DR-301,1A 우유 900mL,28,3200,0,89600,N
2026-08-23,파크점,유제품,DR-302,그릭요거트 4입,25,6900,0,172500,N
2026-08-23,파크점,유제품,DR-303,체다 슬라이스 치즈,22,5400,0,118800,N
2026-08-23,파크점,가공식품,PR-401,프리미엄 즉석밥 12입,17,12900,0,219300,N
2026-08-23,파크점,가공식품,PR-402,저염 참치캔 6입,13,11500,0,149500,N
2026-08-23,파크점,가공식품,PR-403,국물용 멸치 200g,15,8900,0,133500,N
2026-08-23,파크점,음료,BV-501,탄산수 500mL 6입,22,4500,0,99000,N
2026-08-23,파크점,음료,BV-502,콜드브루 아메리카노,21,3800,0,79800,N
2026-08-23,파크점,음료,BV-503,제주 감귤주스 1L,21,5600,0,117600,N
2026-08-23,파크점,생활용품,LV-601,3겹 화장지 30롤,9,15900,0,143100,N
2026-08-23,파크점,생활용품,LV-602,주방세제 리필 2입,12,6700,0,80400,N
2026-08-24,센트럴점,냉장 간편식,RM-101,한끼 소불고기덮밥,35,5900,0,206500,N
2026-08-24,센트럴점,냉장 간편식,RM-102,매콤 닭갈비볶음밥,35,5500,0,192500,N
2026-08-24,센트럴점,냉장 간편식,RM-103,훈제오리 샐러드랩,32,6200,0,198400,N
2026-08-24,센트럴점,냉장 간편식,RM-104,우삼겹 된장찌개,32,6800,0,217600,N
2026-08-24,센트럴점,냉장 간편식,RM-105,새우 로제파스타,40,7200,0,288000,N
2026-08-24,센트럴점,냉장 간편식,RM-106,닭가슴살 곤약비빔밥,30,5200,0,156000,N
2026-08-24,센트럴점,신선식품,FR-201,국내산 삼겹살 500g,19,13900,0,264100,N
2026-08-24,센트럴점,신선식품,FR-202,친환경 방울토마토,22,4900,0,107800,N
2026-08-24,센트럴점,신선식품,FR-203,손질 갈치 2미,18,9800,0,176400,N
2026-08-24,센트럴점,유제품,DR-301,1A 우유 900mL,28,3200,0,89600,N
2026-08-24,센트럴점,유제품,DR-302,그릭요거트 4입,31,6900,0,213900,N
2026-08-24,센트럴점,유제품,DR-303,체다 슬라이스 치즈,28,5400,0,151200,N
2026-08-24,센트럴점,가공식품,PR-401,프리미엄 즉석밥 12입,14,12900,0,180600,N
2026-08-24,센트럴점,가공식품,PR-402,저염 참치캔 6입,13,11500,0,149500,N
2026-08-24,센트럴점,가공식품,PR-403,국물용 멸치 200g,16,8900,0,142400,N
2026-08-24,센트럴점,음료,BV-501,탄산수 500mL 6입,23,4500,0,103500,N
2026-08-24,센트럴점,음료,BV-502,콜드브루 아메리카노,22,3800,0,83600,N
2026-08-24,센트럴점,음료,BV-503,제주 감귤주스 1L,21,5600,0,117600,N
2026-08-24,센트럴점,생활용품,LV-601,3겹 화장지 30롤,9,15900,0,143100,N
2026-08-24,센트럴점,생활용품,LV-602,주방세제 리필 2입,12,6700,0,80400,N
2026-08-24,리버점,냉장 간편식,RM-101,한끼 소불고기덮밥,19,5900,0,112100,N
2026-08-24,리버점,냉장 간편식,RM-102,매콤 닭갈비볶음밥,20,5500,0,110000,N
2026-08-24,리버점,냉장 간편식,RM-103,훈제오리 샐러드랩,19,6200,0,117800,N
2026-08-24,리버점,냉장 간편식,RM-104,우삼겹 된장찌개,22,6800,0,149600,N
2026-08-24,리버점,냉장 간편식,RM-105,새우 로제파스타,19,7200,0,136800,N
2026-08-24,리버점,냉장 간편식,RM-106,닭가슴살 곤약비빔밥,18,5200,0,93600,N
2026-08-24,리버점,신선식품,FR-201,국내산 삼겹살 500g,12,13900,0,166800,N
2026-08-24,리버점,신선식품,FR-202,친환경 방울토마토,11,4900,0,53900,N
2026-08-24,리버점,신선식품,FR-203,손질 갈치 2미,15,9800,0,147000,N
2026-08-24,리버점,유제품,DR-301,1A 우유 900mL,19,3200,0,60800,N
2026-08-24,리버점,유제품,DR-302,그릭요거트 4입,14,6900,0,96600,N
2026-08-24,리버점,유제품,DR-303,체다 슬라이스 치즈,18,5400,0,97200,N
2026-08-24,리버점,가공식품,PR-401,프리미엄 즉석밥 12입,10,12900,0,129000,N
2026-08-24,리버점,가공식품,PR-402,저염 참치캔 6입,9,11500,0,103500,N
2026-08-24,리버점,가공식품,PR-403,국물용 멸치 200g,12,8900,0,106800,N
2026-08-24,리버점,음료,BV-501,탄산수 500mL 6입,14,4500,0,63000,N
2026-08-24,리버점,음료,BV-502,콜드브루 아메리카노,15,3800,0,57000,N
2026-08-24,리버점,음료,BV-503,제주 감귤주스 1L,16,5600,0,89600,N
2026-08-24,리버점,생활용품,LV-601,3겹 화장지 30롤,7,15900,0,111300,N
2026-08-24,리버점,생활용품,LV-602,주방세제 리필 2입,8,6700,0,53600,N
2026-08-24,파크점,냉장 간편식,RM-101,한끼 소불고기덮밥,23,5900,0,135700,N
2026-08-24,파크점,냉장 간편식,RM-102,매콤 닭갈비볶음밥,26,5500,0,143000,N
2026-08-24,파크점,냉장 간편식,RM-103,훈제오리 샐러드랩,22,6200,0,136400,N
2026-08-24,파크점,냉장 간편식,RM-104,우삼겹 된장찌개,23,6800,0,156400,N
2026-08-24,파크점,냉장 간편식,RM-105,새우 로제파스타,28,7200,0,201600,N
2026-08-24,파크점,냉장 간편식,RM-106,닭가슴살 곤약비빔밥,28,5200,0,145600,N
2026-08-24,파크점,신선식품,FR-201,국내산 삼겹살 500g,14,13900,0,194600,N
2026-08-24,파크점,신선식품,FR-202,친환경 방울토마토,17,4900,0,83300,N
2026-08-24,파크점,신선식품,FR-203,손질 갈치 2미,14,9800,0,137200,N
2026-08-24,파크점,유제품,DR-301,1A 우유 900mL,18,3200,0,57600,N
2026-08-24,파크점,유제품,DR-302,그릭요거트 4입,18,6900,0,124200,N
2026-08-24,파크점,유제품,DR-303,체다 슬라이스 치즈,18,5400,0,97200,N
2026-08-24,파크점,가공식품,PR-401,프리미엄 즉석밥 12입,12,12900,0,154800,N
2026-08-24,파크점,가공식품,PR-402,저염 참치캔 6입,11,11500,0,126500,N
2026-08-24,파크점,가공식품,PR-403,국물용 멸치 200g,12,8900,0,106800,N
2026-08-24,파크점,음료,BV-501,탄산수 500mL 6입,17,4500,0,76500,N
2026-08-24,파크점,음료,BV-502,콜드브루 아메리카노,19,3800,0,72200,N
2026-08-24,파크점,음료,BV-503,제주 감귤주스 1L,19,5600,0,106400,N
2026-08-24,파크점,생활용품,LV-601,3겹 화장지 30롤,9,15900,0,143100,N
2026-08-24,파크점,생활용품,LV-602,주방세제 리필 2입,8,6700,0,53600,N
2026-08-25,센트럴점,냉장 간편식,RM-101,한끼 소불고기덮밥,38,5900,0,224200,N
2026-08-25,센트럴점,냉장 간편식,RM-102,매콤 닭갈비볶음밥,31,5500,0,170500,N
2026-08-25,센트럴점,냉장 간편식,RM-103,훈제오리 샐러드랩,35,6200,0,217000,N
2026-08-25,센트럴점,냉장 간편식,RM-104,우삼겹 된장찌개,36,6800,0,244800,N
2026-08-25,센트럴점,냉장 간편식,RM-105,새우 로제파스타,37,7200,0,266400,N
2026-08-25,센트럴점,냉장 간편식,RM-106,닭가슴살 곤약비빔밥,30,5200,0,156000,N
2026-08-25,센트럴점,신선식품,FR-201,국내산 삼겹살 500g,18,13900,0,250200,N
2026-08-25,센트럴점,신선식품,FR-202,친환경 방울토마토,20,4900,0,98000,N
2026-08-25,센트럴점,신선식품,FR-203,손질 갈치 2미,17,9800,0,166600,N
2026-08-25,센트럴점,유제품,DR-301,1A 우유 900mL,27,3200,0,86400,N
2026-08-25,센트럴점,유제품,DR-302,그릭요거트 4입,28,6900,0,193200,N
2026-08-25,센트럴점,유제품,DR-303,체다 슬라이스 치즈,26,5400,0,140400,N
2026-08-25,센트럴점,가공식품,PR-401,프리미엄 즉석밥 12입,14,12900,0,180600,N
2026-08-25,센트럴점,가공식품,PR-402,저염 참치캔 6입,15,11500,0,172500,N
2026-08-25,센트럴점,가공식품,PR-403,국물용 멸치 200g,15,8900,0,133500,N
2026-08-25,센트럴점,음료,BV-501,탄산수 500mL 6입,22,4500,0,99000,N
2026-08-25,센트럴점,음료,BV-502,콜드브루 아메리카노,24,3800,0,91200,N
2026-08-25,센트럴점,음료,BV-503,제주 감귤주스 1L,21,5600,0,117600,N
2026-08-25,센트럴점,생활용품,LV-601,3겹 화장지 30롤,12,15900,0,190800,N
2026-08-25,센트럴점,생활용품,LV-602,주방세제 리필 2입,11,6700,0,73700,N
2026-08-25,리버점,냉장 간편식,RM-101,한끼 소불고기덮밥,23,5900,0,135700,N
2026-08-25,리버점,냉장 간편식,RM-102,매콤 닭갈비볶음밥,18,5500,0,99000,N
2026-08-25,리버점,냉장 간편식,RM-103,훈제오리 샐러드랩,19,6200,0,117800,N
2026-08-25,리버점,냉장 간편식,RM-104,우삼겹 된장찌개,18,6800,0,122400,N
2026-08-25,리버점,냉장 간편식,RM-105,새우 로제파스타,17,7200,0,122400,N
2026-08-25,리버점,냉장 간편식,RM-106,닭가슴살 곤약비빔밥,21,5200,0,109200,N
2026-08-25,리버점,신선식품,FR-201,국내산 삼겹살 500g,12,13900,0,166800,N
2026-08-25,리버점,신선식품,FR-202,친환경 방울토마토,10,4900,0,49000,N
2026-08-25,리버점,신선식품,FR-203,손질 갈치 2미,10,9800,0,98000,N
2026-08-25,리버점,유제품,DR-301,1A 우유 900mL,13,3200,0,41600,N
2026-08-25,리버점,유제품,DR-302,그릭요거트 4입,19,6900,0,131100,N
2026-08-25,리버점,유제품,DR-303,체다 슬라이스 치즈,14,5400,0,75600,N
2026-08-25,리버점,가공식품,PR-401,프리미엄 즉석밥 12입,8,12900,0,103200,N
2026-08-25,리버점,가공식품,PR-402,저염 참치캔 6입,10,11500,0,115000,N
2026-08-25,리버점,가공식품,PR-403,국물용 멸치 200g,9,8900,0,80100,N
2026-08-25,리버점,음료,BV-501,탄산수 500mL 6입,13,4500,0,58500,N
2026-08-25,리버점,음료,BV-502,콜드브루 아메리카노,13,3800,0,49400,N
2026-08-25,리버점,음료,BV-503,제주 감귤주스 1L,13,5600,0,72800,N
2026-08-25,리버점,생활용품,LV-601,3겹 화장지 30롤,7,15900,0,111300,N
2026-08-25,리버점,생활용품,LV-602,주방세제 리필 2입,6,6700,0,40200,N
2026-08-25,파크점,냉장 간편식,RM-101,한끼 소불고기덮밥,26,5900,0,153400,N
2026-08-25,파크점,냉장 간편식,RM-102,매콤 닭갈비볶음밥,21,5500,0,115500,N
2026-08-25,파크점,냉장 간편식,RM-103,훈제오리 샐러드랩,25,6200,0,155000,N
2026-08-25,파크점,냉장 간편식,RM-104,우삼겹 된장찌개,27,6800,0,183600,N
2026-08-25,파크점,냉장 간편식,RM-105,새우 로제파스타,20,7200,0,144000,N
2026-08-25,파크점,냉장 간편식,RM-106,닭가슴살 곤약비빔밥,28,5200,0,145600,N
2026-08-25,파크점,신선식품,FR-201,국내산 삼겹살 500g,16,13900,0,222400,N
2026-08-25,파크점,신선식품,FR-202,친환경 방울토마토,13,4900,0,63700,N
2026-08-25,파크점,신선식품,FR-203,손질 갈치 2미,14,9800,0,137200,N
2026-08-25,파크점,유제품,DR-301,1A 우유 900mL,17,3200,0,54400,N
2026-08-25,파크점,유제품,DR-302,그릭요거트 4입,22,6900,0,151800,N
2026-08-25,파크점,유제품,DR-303,체다 슬라이스 치즈,19,5400,0,102600,N
2026-08-25,파크점,가공식품,PR-401,프리미엄 즉석밥 12입,11,12900,0,141900,N
2026-08-25,파크점,가공식품,PR-402,저염 참치캔 6입,12,11500,0,138000,N
2026-08-25,파크점,가공식품,PR-403,국물용 멸치 200g,13,8900,0,115700,N
2026-08-25,파크점,음료,BV-501,탄산수 500mL 6입,19,4500,0,85500,N
2026-08-25,파크점,음료,BV-502,콜드브루 아메리카노,18,3800,0,68400,N
2026-08-25,파크점,음료,BV-503,제주 감귤주스 1L,17,5600,0,95200,N
2026-08-25,파크점,생활용품,LV-601,3겹 화장지 30롤,8,15900,0,127200,N
2026-08-25,파크점,생활용품,LV-602,주방세제 리필 2입,9,6700,0,60300,N
2026-08-26,센트럴점,냉장 간편식,RM-101,한끼 소불고기덮밥,35,5900,0,206500,N
2026-08-26,센트럴점,냉장 간편식,RM-102,매콤 닭갈비볶음밥,35,5500,0,192500,N
2026-08-26,센트럴점,냉장 간편식,RM-103,훈제오리 샐러드랩,41,6200,0,254200,N
2026-08-26,센트럴점,냉장 간편식,RM-104,우삼겹 된장찌개,33,6800,0,224400,N
2026-08-26,센트럴점,냉장 간편식,RM-105,새우 로제파스타,33,7200,0,237600,N
2026-08-26,센트럴점,냉장 간편식,RM-106,닭가슴살 곤약비빔밥,32,5200,0,166400,N
2026-08-26,센트럴점,신선식품,FR-201,국내산 삼겹살 500g,18,13900,0,250200,N
2026-08-26,센트럴점,신선식품,FR-202,친환경 방울토마토,22,4900,0,107800,N
2026-08-26,센트럴점,신선식품,FR-203,손질 갈치 2미,23,9800,0,225400,N
2026-08-26,센트럴점,유제품,DR-301,1A 우유 900mL,32,3200,0,102400,N
2026-08-26,센트럴점,유제품,DR-302,그릭요거트 4입,23,6900,0,158700,N
2026-08-26,센트럴점,유제품,DR-303,체다 슬라이스 치즈,29,5400,0,156600,N
2026-08-26,센트럴점,가공식품,PR-401,프리미엄 즉석밥 12입,19,12900,0,245100,N
2026-08-26,센트럴점,가공식품,PR-402,저염 참치캔 6입,15,11500,0,172500,N
2026-08-26,센트럴점,가공식품,PR-403,국물용 멸치 200g,15,8900,0,133500,N
2026-08-26,센트럴점,음료,BV-501,탄산수 500mL 6입,26,4500,0,117000,N
2026-08-26,센트럴점,음료,BV-502,콜드브루 아메리카노,23,3800,0,87400,N
2026-08-26,센트럴점,음료,BV-503,제주 감귤주스 1L,21,5600,0,117600,N
2026-08-26,센트럴점,생활용품,LV-601,3겹 화장지 30롤,12,15900,0,190800,N
2026-08-26,센트럴점,생활용품,LV-602,주방세제 리필 2입,10,6700,0,67000,N
2026-08-26,리버점,냉장 간편식,RM-101,한끼 소불고기덮밥,21,5900,0,123900,N
2026-08-26,리버점,냉장 간편식,RM-102,매콤 닭갈비볶음밥,26,5500,0,143000,N
2026-08-26,리버점,냉장 간편식,RM-103,훈제오리 샐러드랩,26,6200,0,161200,N
2026-08-26,리버점,냉장 간편식,RM-104,우삼겹 된장찌개,24,6800,0,163200,N
2026-08-26,리버점,냉장 간편식,RM-105,새우 로제파스타,23,7200,0,165600,N
2026-08-26,리버점,냉장 간편식,RM-106,닭가슴살 곤약비빔밥,23,5200,0,119600,N
2026-08-26,리버점,신선식품,FR-201,국내산 삼겹살 500g,11,13900,0,152900,N
2026-08-26,리버점,신선식품,FR-202,친환경 방울토마토,13,4900,0,63700,N
2026-08-26,리버점,신선식품,FR-203,손질 갈치 2미,14,9800,0,137200,N
2026-08-26,리버점,유제품,DR-301,1A 우유 900mL,20,3200,0,64000,N
2026-08-26,리버점,유제품,DR-302,그릭요거트 4입,20,6900,0,138000,N
2026-08-26,리버점,유제품,DR-303,체다 슬라이스 치즈,20,5400,0,108000,N
2026-08-26,리버점,가공식품,PR-401,프리미엄 즉석밥 12입,10,12900,0,129000,N
2026-08-26,리버점,가공식품,PR-402,저염 참치캔 6입,9,11500,0,103500,N
2026-08-26,리버점,가공식품,PR-403,국물용 멸치 200g,12,8900,0,106800,N
2026-08-26,리버점,음료,BV-501,탄산수 500mL 6입,13,4500,0,58500,N
2026-08-26,리버점,음료,BV-502,콜드브루 아메리카노,13,3800,0,49400,N
2026-08-26,리버점,음료,BV-503,제주 감귤주스 1L,17,5600,0,95200,N
2026-08-26,리버점,생활용품,LV-601,3겹 화장지 30롤,7,15900,0,111300,N
2026-08-26,리버점,생활용품,LV-602,주방세제 리필 2입,7,6700,0,46900,N
2026-08-26,파크점,냉장 간편식,RM-101,한끼 소불고기덮밥,21,5900,0,123900,N
2026-08-26,파크점,냉장 간편식,RM-102,매콤 닭갈비볶음밥,21,5500,0,115500,N
2026-08-26,파크점,냉장 간편식,RM-103,훈제오리 샐러드랩,29,6200,0,179800,N
2026-08-26,파크점,냉장 간편식,RM-104,우삼겹 된장찌개,28,6800,0,190400,N
2026-08-26,파크점,냉장 간편식,RM-105,새우 로제파스타,27,7200,0,194400,N
2026-08-26,파크점,냉장 간편식,RM-106,닭가슴살 곤약비빔밥,30,5200,0,156000,N
2026-08-26,파크점,신선식품,FR-201,국내산 삼겹살 500g,17,13900,0,236300,N
2026-08-26,파크점,신선식품,FR-202,친환경 방울토마토,14,4900,0,68600,N
2026-08-26,파크점,신선식품,FR-203,손질 갈치 2미,16,9800,0,156800,N
2026-08-26,파크점,유제품,DR-301,1A 우유 900mL,22,3200,0,70400,N
2026-08-26,파크점,유제품,DR-302,그릭요거트 4입,18,6900,0,124200,N
2026-08-26,파크점,유제품,DR-303,체다 슬라이스 치즈,19,5400,0,102600,N
2026-08-26,파크점,가공식품,PR-401,프리미엄 즉석밥 12입,13,12900,0,167700,N
2026-08-26,파크점,가공식품,PR-402,저염 참치캔 6입,13,11500,0,149500,N
2026-08-26,파크점,가공식품,PR-403,국물용 멸치 200g,10,8900,0,89000,N
2026-08-26,파크점,음료,BV-501,탄산수 500mL 6입,18,4500,0,81000,N
2026-08-26,파크점,음료,BV-502,콜드브루 아메리카노,19,3800,0,72200,N
2026-08-26,파크점,음료,BV-503,제주 감귤주스 1L,21,5600,0,117600,N
2026-08-26,파크점,생활용품,LV-601,3겹 화장지 30롤,8,15900,0,127200,N
2026-08-26,파크점,생활용품,LV-602,주방세제 리필 2입,7,6700,0,46900,N
2026-08-27,센트럴점,냉장 간편식,RM-101,한끼 소불고기덮밥,34,5900,0,200600,N
2026-08-27,센트럴점,냉장 간편식,RM-102,매콤 닭갈비볶음밥,42,5500,0,231000,N
2026-08-27,센트럴점,냉장 간편식,RM-103,훈제오리 샐러드랩,40,6200,0,248000,N
2026-08-27,센트럴점,냉장 간편식,RM-104,우삼겹 된장찌개,36,6800,0,244800,N
2026-08-27,센트럴점,냉장 간편식,RM-105,새우 로제파스타,32,7200,0,230400,N
2026-08-27,센트럴점,냉장 간편식,RM-106,닭가슴살 곤약비빔밥,36,5200,0,187200,N
2026-08-27,센트럴점,신선식품,FR-201,국내산 삼겹살 500g,23,13900,0,319700,N
2026-08-27,센트럴점,신선식품,FR-202,친환경 방울토마토,25,4900,0,122500,N
2026-08-27,센트럴점,신선식품,FR-203,손질 갈치 2미,20,9800,0,196000,N
2026-08-27,센트럴점,유제품,DR-301,1A 우유 900mL,34,3200,0,108800,N
2026-08-27,센트럴점,유제품,DR-302,그릭요거트 4입,27,6900,0,186300,N
2026-08-27,센트럴점,유제품,DR-303,체다 슬라이스 치즈,26,5400,0,140400,N
2026-08-27,센트럴점,가공식품,PR-401,프리미엄 즉석밥 12입,19,12900,0,245100,N
2026-08-27,센트럴점,가공식품,PR-402,저염 참치캔 6입,16,11500,0,184000,N
2026-08-27,센트럴점,가공식품,PR-403,국물용 멸치 200g,18,8900,0,160200,N
2026-08-27,센트럴점,음료,BV-501,탄산수 500mL 6입,24,4500,0,108000,N
2026-08-27,센트럴점,음료,BV-502,콜드브루 아메리카노,26,3800,0,98800,N
2026-08-27,센트럴점,음료,BV-503,제주 감귤주스 1L,30,5600,0,168000,N
2026-08-27,센트럴점,생활용품,LV-601,3겹 화장지 30롤,10,15900,0,159000,N
2026-08-27,센트럴점,생활용품,LV-602,주방세제 리필 2입,10,6700,0,67000,N
2026-08-27,리버점,냉장 간편식,RM-101,한끼 소불고기덮밥,25,5900,0,147500,N
2026-08-27,리버점,냉장 간편식,RM-102,매콤 닭갈비볶음밥,20,5500,0,110000,N
2026-08-27,리버점,냉장 간편식,RM-103,훈제오리 샐러드랩,21,6200,0,130200,N
2026-08-27,리버점,냉장 간편식,RM-104,우삼겹 된장찌개,23,6800,0,156400,N
2026-08-27,리버점,냉장 간편식,RM-105,새우 로제파스타,25,7200,0,180000,N
2026-08-27,리버점,냉장 간편식,RM-106,닭가슴살 곤약비빔밥,26,5200,0,135200,N
2026-08-27,리버점,신선식품,FR-201,국내산 삼겹살 500g,16,13900,0,222400,N
2026-08-27,리버점,신선식품,FR-202,친환경 방울토마토,13,4900,0,63700,N
2026-08-27,리버점,신선식품,FR-203,손질 갈치 2미,11,9800,0,107800,N
2026-08-27,리버점,유제품,DR-301,1A 우유 900mL,19,3200,0,60800,N
2026-08-27,리버점,유제품,DR-302,그릭요거트 4입,18,6900,0,124200,N
2026-08-27,리버점,유제품,DR-303,체다 슬라이스 치즈,19,5400,0,102600,N
2026-08-27,리버점,가공식품,PR-401,프리미엄 즉석밥 12입,9,12900,0,116100,N
2026-08-27,리버점,가공식품,PR-402,저염 참치캔 6입,10,11500,0,115000,N
2026-08-27,리버점,가공식품,PR-403,국물용 멸치 200g,12,8900,0,106800,N
2026-08-27,리버점,음료,BV-501,탄산수 500mL 6입,16,4500,0,72000,N
2026-08-27,리버점,음료,BV-502,콜드브루 아메리카노,17,3800,0,64600,N
2026-08-27,리버점,음료,BV-503,제주 감귤주스 1L,16,5600,0,89600,N
2026-08-27,리버점,생활용품,LV-601,3겹 화장지 30롤,7,15900,0,111300,N
2026-08-27,리버점,생활용품,LV-602,주방세제 리필 2입,8,6700,0,53600,N
2026-08-27,파크점,냉장 간편식,RM-101,한끼 소불고기덮밥,26,5900,0,153400,N
2026-08-27,파크점,냉장 간편식,RM-102,매콤 닭갈비볶음밥,29,5500,0,159500,N
2026-08-27,파크점,냉장 간편식,RM-103,훈제오리 샐러드랩,27,6200,0,167400,N
2026-08-27,파크점,냉장 간편식,RM-104,우삼겹 된장찌개,32,6800,0,217600,N
2026-08-27,파크점,냉장 간편식,RM-105,새우 로제파스타,24,7200,0,172800,N
2026-08-27,파크점,냉장 간편식,RM-106,닭가슴살 곤약비빔밥,33,5200,0,171600,N
2026-08-27,파크점,신선식품,FR-201,국내산 삼겹살 500g,16,13900,0,222400,N
2026-08-27,파크점,신선식품,FR-202,친환경 방울토마토,17,4900,0,83300,N
2026-08-27,파크점,신선식품,FR-203,손질 갈치 2미,14,9800,0,137200,N
2026-08-27,파크점,유제품,DR-301,1A 우유 900mL,25,3200,0,80000,N
2026-08-27,파크점,유제품,DR-302,그릭요거트 4입,26,6900,0,179400,N
2026-08-27,파크점,유제품,DR-303,체다 슬라이스 치즈,19,5400,0,102600,N
2026-08-27,파크점,가공식품,PR-401,프리미엄 즉석밥 12입,13,12900,0,167700,N
2026-08-27,파크점,가공식품,PR-402,저염 참치캔 6입,13,11500,0,149500,N
2026-08-27,파크점,가공식품,PR-403,국물용 멸치 200g,15,8900,0,133500,N
2026-08-27,파크점,음료,BV-501,탄산수 500mL 6입,22,4500,0,99000,N
2026-08-27,파크점,음료,BV-502,콜드브루 아메리카노,16,3800,0,60800,N
2026-08-27,파크점,음료,BV-503,제주 감귤주스 1L,20,5600,0,112000,N
2026-08-27,파크점,생활용품,LV-601,3겹 화장지 30롤,8,15900,0,127200,N
2026-08-27,파크점,생활용품,LV-602,주방세제 리필 2입,10,6700,0,67000,N
2026-08-28,센트럴점,냉장 간편식,RM-101,한끼 소불고기덮밥,42,5900,0,247800,N
2026-08-28,센트럴점,냉장 간편식,RM-102,매콤 닭갈비볶음밥,54,5500,0,297000,N
2026-08-28,센트럴점,냉장 간편식,RM-103,훈제오리 샐러드랩,56,6200,0,347200,N
2026-08-28,센트럴점,냉장 간편식,RM-104,우삼겹 된장찌개,52,6800,0,353600,N
2026-08-28,센트럴점,냉장 간편식,RM-105,새우 로제파스타,44,7200,0,316800,N
2026-08-28,센트럴점,냉장 간편식,RM-106,닭가슴살 곤약비빔밥,45,5200,0,234000,N
2026-08-28,센트럴점,신선식품,FR-201,국내산 삼겹살 500g,25,13900,0,347500,N
2026-08-28,센트럴점,신선식품,FR-202,친환경 방울토마토,26,4900,0,127400,N
2026-08-28,센트럴점,신선식품,FR-203,손질 갈치 2미,24,9800,0,235200,N
2026-08-28,센트럴점,유제품,DR-301,1A 우유 900mL,40,3200,0,128000,N
2026-08-28,센트럴점,유제품,DR-302,그릭요거트 4입,44,6900,0,303600,N
2026-08-28,센트럴점,유제품,DR-303,체다 슬라이스 치즈,38,5400,0,205200,N
2026-08-28,센트럴점,가공식품,PR-401,프리미엄 즉석밥 12입,21,12900,0,270900,N
2026-08-28,센트럴점,가공식품,PR-402,저염 참치캔 6입,23,11500,0,264500,N
2026-08-28,센트럴점,가공식품,PR-403,국물용 멸치 200g,21,8900,0,186900,N
2026-08-28,센트럴점,음료,BV-501,탄산수 500mL 6입,34,4500,0,153000,N
2026-08-28,센트럴점,음료,BV-502,콜드브루 아메리카노,36,3800,0,136800,N
2026-08-28,센트럴점,음료,BV-503,제주 감귤주스 1L,30,5600,0,168000,N
2026-08-28,센트럴점,생활용품,LV-601,3겹 화장지 30롤,15,15900,0,238500,N
2026-08-28,센트럴점,생활용품,LV-602,주방세제 리필 2입,15,6700,0,100500,N
2026-08-28,리버점,냉장 간편식,RM-101,한끼 소불고기덮밥,30,5900,0,177000,N
2026-08-28,리버점,냉장 간편식,RM-102,매콤 닭갈비볶음밥,29,5500,0,159500,N
2026-08-28,리버점,냉장 간편식,RM-103,훈제오리 샐러드랩,29,6200,0,179800,N
2026-08-28,리버점,냉장 간편식,RM-104,우삼겹 된장찌개,34,6800,0,231200,N
2026-08-28,리버점,냉장 간편식,RM-105,새우 로제파스타,25,7200,0,180000,N
2026-08-28,리버점,냉장 간편식,RM-106,닭가슴살 곤약비빔밥,32,5200,0,166400,N
2026-08-28,리버점,신선식품,FR-201,국내산 삼겹살 500g,19,13900,0,264100,N
2026-08-28,리버점,신선식품,FR-202,친환경 방울토마토,15,4900,0,73500,N
2026-08-28,리버점,신선식품,FR-203,손질 갈치 2미,15,9800,0,147000,N
2026-08-28,리버점,유제품,DR-301,1A 우유 900mL,20,3200,0,64000,N
2026-08-28,리버점,유제품,DR-302,그릭요거트 4입,20,6900,0,138000,N
2026-08-28,리버점,유제품,DR-303,체다 슬라이스 치즈,20,5400,0,108000,N
2026-08-28,리버점,가공식품,PR-401,프리미엄 즉석밥 12입,16,12900,0,206400,N
2026-08-28,리버점,가공식품,PR-402,저염 참치캔 6입,16,11500,0,184000,N
2026-08-28,리버점,가공식품,PR-403,국물용 멸치 200g,16,8900,0,142400,N
2026-08-28,리버점,음료,BV-501,탄산수 500mL 6입,23,4500,0,103500,N
2026-08-28,리버점,음료,BV-502,콜드브루 아메리카노,21,3800,0,79800,N
2026-08-28,리버점,음료,BV-503,제주 감귤주스 1L,22,5600,0,123200,N
2026-08-28,리버점,생활용품,LV-601,3겹 화장지 30롤,9,15900,0,143100,N
2026-08-28,리버점,생활용품,LV-602,주방세제 리필 2입,8,6700,0,53600,N
2026-08-28,파크점,냉장 간편식,RM-101,한끼 소불고기덮밥,30,5900,0,177000,N
2026-08-28,파크점,냉장 간편식,RM-102,매콤 닭갈비볶음밥,35,5500,0,192500,N
2026-08-28,파크점,냉장 간편식,RM-103,훈제오리 샐러드랩,32,6200,0,198400,N
2026-08-28,파크점,냉장 간편식,RM-104,우삼겹 된장찌개,36,6800,0,244800,N
2026-08-28,파크점,냉장 간편식,RM-105,새우 로제파스타,36,7200,0,259200,N
2026-08-28,파크점,냉장 간편식,RM-106,닭가슴살 곤약비빔밥,36,5200,0,187200,N
2026-08-28,파크점,신선식품,FR-201,국내산 삼겹살 500g,24,13900,0,333600,N
2026-08-28,파크점,신선식품,FR-202,친환경 방울토마토,24,4900,0,117600,N
2026-08-28,파크점,신선식품,FR-203,손질 갈치 2미,19,9800,0,186200,N
2026-08-28,파크점,유제품,DR-301,1A 우유 900mL,32,3200,0,102400,N
2026-08-28,파크점,유제품,DR-302,그릭요거트 4입,27,6900,0,186300,N
2026-08-28,파크점,유제품,DR-303,체다 슬라이스 치즈,26,5400,0,140400,N
2026-08-28,파크점,가공식품,PR-401,프리미엄 즉석밥 12입,14,12900,0,180600,N
2026-08-28,파크점,가공식품,PR-402,저염 참치캔 6입,15,11500,0,172500,N
2026-08-28,파크점,가공식품,PR-403,국물용 멸치 200g,18,8900,0,160200,N
2026-08-28,파크점,음료,BV-501,탄산수 500mL 6입,24,4500,0,108000,N
2026-08-28,파크점,음료,BV-502,콜드브루 아메리카노,27,3800,0,102600,N
2026-08-28,파크점,음료,BV-503,제주 감귤주스 1L,24,5600,0,134400,N
2026-08-28,파크점,생활용품,LV-601,3겹 화장지 30롤,11,15900,0,174900,N
2026-08-28,파크점,생활용품,LV-602,주방세제 리필 2입,12,6700,0,80400,N
2026-08-29,센트럴점,냉장 간편식,RM-101,한끼 소불고기덮밥,49,5900,0,289100,N
2026-08-29,센트럴점,냉장 간편식,RM-102,매콤 닭갈비볶음밥,45,5500,0,247500,N
2026-08-29,센트럴점,냉장 간편식,RM-103,훈제오리 샐러드랩,57,6200,0,353400,N
2026-08-29,센트럴점,냉장 간편식,RM-104,우삼겹 된장찌개,57,6800,0,387600,N
2026-08-29,센트럴점,냉장 간편식,RM-105,새우 로제파스타,61,7200,0,439200,N
2026-08-29,센트럴점,냉장 간편식,RM-106,닭가슴살 곤약비빔밥,46,5200,0,239200,N
2026-08-29,센트럴점,신선식품,FR-201,국내산 삼겹살 500g,35,13900,0,486500,N
2026-08-29,센트럴점,신선식품,FR-202,친환경 방울토마토,32,4900,0,156800,N
2026-08-29,센트럴점,신선식품,FR-203,손질 갈치 2미,35,9800,0,343000,N
2026-08-29,센트럴점,유제품,DR-301,1A 우유 900mL,37,3200,0,118400,N
2026-08-29,센트럴점,유제품,DR-302,그릭요거트 4입,35,6900,0,241500,N
2026-08-29,센트럴점,유제품,DR-303,체다 슬라이스 치즈,34,5400,0,183600,N
2026-08-29,센트럴점,가공식품,PR-401,프리미엄 즉석밥 12입,24,12900,0,309600,N
2026-08-29,센트럴점,가공식품,PR-402,저염 참치캔 6입,29,11500,0,333500,N
2026-08-29,센트럴점,가공식품,PR-403,국물용 멸치 200g,28,8900,0,249200,N
2026-08-29,센트럴점,음료,BV-501,탄산수 500mL 6입,37,4500,0,166500,N
2026-08-29,센트럴점,음료,BV-502,콜드브루 아메리카노,42,3800,0,159600,N
2026-08-29,센트럴점,음료,BV-503,제주 감귤주스 1L,35,5600,0,196000,N
2026-08-29,센트럴점,생활용품,LV-601,3겹 화장지 30롤,16,15900,0,254400,N
2026-08-29,센트럴점,생활용품,LV-602,주방세제 리필 2입,14,6700,0,93800,N
2026-08-29,리버점,냉장 간편식,RM-101,한끼 소불고기덮밥,28,5900,0,165200,N
2026-08-29,리버점,냉장 간편식,RM-102,매콤 닭갈비볶음밥,37,5500,0,203500,N
2026-08-29,리버점,냉장 간편식,RM-103,훈제오리 샐러드랩,31,6200,0,192200,N
2026-08-29,리버점,냉장 간편식,RM-104,우삼겹 된장찌개,28,6800,0,190400,N
2026-08-29,리버점,냉장 간편식,RM-105,새우 로제파스타,33,7200,0,237600,N
2026-08-29,리버점,냉장 간편식,RM-106,닭가슴살 곤약비빔밥,31,5200,0,161200,N
2026-08-29,리버점,신선식품,FR-201,국내산 삼겹살 500g,21,13900,0,291900,N
2026-08-29,리버점,신선식품,FR-202,친환경 방울토마토,18,4900,0,88200,N
2026-08-29,리버점,신선식품,FR-203,손질 갈치 2미,16,9800,0,156800,N
2026-08-29,리버점,유제품,DR-301,1A 우유 900mL,28,3200,0,89600,N
2026-08-29,리버점,유제품,DR-302,그릭요거트 4입,29,6900,0,200100,N
2026-08-29,리버점,유제품,DR-303,체다 슬라이스 치즈,27,5400,0,145800,N
2026-08-29,리버점,가공식품,PR-401,프리미엄 즉석밥 12입,16,12900,0,206400,N
2026-08-29,리버점,가공식품,PR-402,저염 참치캔 6입,15,11500,0,172500,N
2026-08-29,리버점,가공식품,PR-403,국물용 멸치 200g,16,8900,0,142400,N
2026-08-29,리버점,음료,BV-501,탄산수 500mL 6입,25,4500,0,112500,N
2026-08-29,리버점,음료,BV-502,콜드브루 아메리카노,26,3800,0,98800,N
2026-08-29,리버점,음료,BV-503,제주 감귤주스 1L,24,5600,0,134400,N
2026-08-29,리버점,생활용품,LV-601,3겹 화장지 30롤,9,15900,0,143100,N
2026-08-29,리버점,생활용품,LV-602,주방세제 리필 2입,10,6700,0,67000,N
2026-08-29,파크점,냉장 간편식,RM-101,한끼 소불고기덮밥,38,5900,0,224200,N
2026-08-29,파크점,냉장 간편식,RM-102,매콤 닭갈비볶음밥,41,5500,0,225500,N
2026-08-29,파크점,냉장 간편식,RM-103,훈제오리 샐러드랩,39,6200,0,241800,N
2026-08-29,파크점,냉장 간편식,RM-104,우삼겹 된장찌개,33,6800,0,224400,N
2026-08-29,파크점,냉장 간편식,RM-105,새우 로제파스타,45,7200,0,324000,N
2026-08-29,파크점,냉장 간편식,RM-106,닭가슴살 곤약비빔밥,44,5200,0,228800,N
2026-08-29,파크점,신선식품,FR-201,국내산 삼겹살 500g,26,13900,0,361400,N
2026-08-29,파크점,신선식품,FR-202,친환경 방울토마토,19,4900,0,93100,N
2026-08-29,파크점,신선식품,FR-203,손질 갈치 2미,23,9800,0,225400,N
2026-08-29,파크점,유제품,DR-301,1A 우유 900mL,34,3200,0,108800,N
2026-08-29,파크점,유제품,DR-302,그릭요거트 4입,31,6900,0,213900,N
2026-08-29,파크점,유제품,DR-303,체다 슬라이스 치즈,31,5400,0,167400,N
2026-08-29,파크점,가공식품,PR-401,프리미엄 즉석밥 12입,21,12900,0,270900,N
2026-08-29,파크점,가공식품,PR-402,저염 참치캔 6입,20,11500,0,230000,N
2026-08-29,파크점,가공식품,PR-403,국물용 멸치 200g,19,8900,0,169100,N
2026-08-29,파크점,음료,BV-501,탄산수 500mL 6입,28,4500,0,126000,N
2026-08-29,파크점,음료,BV-502,콜드브루 아메리카노,29,3800,0,110200,N
2026-08-29,파크점,음료,BV-503,제주 감귤주스 1L,23,5600,0,128800,N
2026-08-29,파크점,생활용품,LV-601,3겹 화장지 30롤,14,15900,0,222600,N
2026-08-29,파크점,생활용품,LV-602,주방세제 리필 2입,12,6700,0,80400,N
2026-08-30,센트럴점,냉장 간편식,RM-101,한끼 소불고기덮밥,50,5900,0,295000,N
2026-08-30,센트럴점,냉장 간편식,RM-102,매콤 닭갈비볶음밥,46,5500,0,253000,N
2026-08-30,센트럴점,냉장 간편식,RM-103,훈제오리 샐러드랩,40,6200,0,248000,N
2026-08-30,센트럴점,냉장 간편식,RM-104,우삼겹 된장찌개,49,6800,0,333200,N
2026-08-30,센트럴점,냉장 간편식,RM-105,새우 로제파스타,50,7200,0,360000,N
2026-08-30,센트럴점,냉장 간편식,RM-106,닭가슴살 곤약비빔밥,38,5200,0,197600,N
2026-08-30,센트럴점,신선식품,FR-201,국내산 삼겹살 500g,22,13900,0,305800,N
2026-08-30,센트럴점,신선식품,FR-202,친환경 방울토마토,27,4900,0,132300,N
2026-08-30,센트럴점,신선식품,FR-203,손질 갈치 2미,27,9800,0,264600,N
2026-08-30,센트럴점,유제품,DR-301,1A 우유 900mL,33,3200,0,105600,N
2026-08-30,센트럴점,유제품,DR-302,그릭요거트 4입,35,6900,0,241500,N
2026-08-30,센트럴점,유제품,DR-303,체다 슬라이스 치즈,38,5400,0,205200,N
2026-08-30,센트럴점,가공식품,PR-401,프리미엄 즉석밥 12입,23,12900,0,296700,N
2026-08-30,센트럴점,가공식품,PR-402,저염 참치캔 6입,18,11500,0,207000,N
2026-08-30,센트럴점,가공식품,PR-403,국물용 멸치 200g,25,8900,0,222500,N
2026-08-30,센트럴점,음료,BV-501,탄산수 500mL 6입,27,4500,0,121500,N
2026-08-30,센트럴점,음료,BV-502,콜드브루 아메리카노,27,3800,0,102600,N
2026-08-30,센트럴점,음료,BV-503,제주 감귤주스 1L,31,5600,0,173600,N
2026-08-30,센트럴점,생활용품,LV-601,3겹 화장지 30롤,12,15900,0,190800,N
2026-08-30,센트럴점,생활용품,LV-602,주방세제 리필 2입,15,6700,0,100500,N
2026-08-30,리버점,냉장 간편식,RM-101,한끼 소불고기덮밥,27,5900,0,159300,N
2026-08-30,리버점,냉장 간편식,RM-102,매콤 닭갈비볶음밥,25,5500,0,137500,N
2026-08-30,리버점,냉장 간편식,RM-103,훈제오리 샐러드랩,29,6200,0,179800,N
2026-08-30,리버점,냉장 간편식,RM-104,우삼겹 된장찌개,25,6800,0,170000,N
2026-08-30,리버점,냉장 간편식,RM-105,새우 로제파스타,25,7200,0,180000,N
2026-08-30,리버점,냉장 간편식,RM-106,닭가슴살 곤약비빔밥,26,5200,0,135200,N
2026-08-30,리버점,신선식품,FR-201,국내산 삼겹살 500g,15,13900,0,208500,N
2026-08-30,리버점,신선식품,FR-202,친환경 방울토마토,15,4900,0,73500,N
2026-08-30,리버점,신선식품,FR-203,손질 갈치 2미,17,9800,0,166600,N
2026-08-30,리버점,유제품,DR-301,1A 우유 900mL,20,3200,0,64000,N
2026-08-30,리버점,유제품,DR-302,그릭요거트 4입,22,6900,0,151800,N
2026-08-30,리버점,유제품,DR-303,체다 슬라이스 치즈,24,5400,0,129600,N
2026-08-30,리버점,가공식품,PR-401,프리미엄 즉석밥 12입,12,12900,0,154800,N
2026-08-30,리버점,가공식품,PR-402,저염 참치캔 6입,14,11500,0,161000,N
2026-08-30,리버점,가공식품,PR-403,국물용 멸치 200g,15,8900,0,133500,N
2026-08-30,리버점,음료,BV-501,탄산수 500mL 6입,16,4500,0,72000,N
2026-08-30,리버점,음료,BV-502,콜드브루 아메리카노,17,3800,0,64600,N
2026-08-30,리버점,음료,BV-503,제주 감귤주스 1L,17,5600,0,95200,N
2026-08-30,리버점,생활용품,LV-601,3겹 화장지 30롤,8,15900,0,127200,N
2026-08-30,리버점,생활용품,LV-602,주방세제 리필 2입,8,6700,0,53600,N
2026-08-30,파크점,냉장 간편식,RM-101,한끼 소불고기덮밥,32,5900,0,188800,N
2026-08-30,파크점,냉장 간편식,RM-102,매콤 닭갈비볶음밥,34,5500,0,187000,N
2026-08-30,파크점,냉장 간편식,RM-103,훈제오리 샐러드랩,30,6200,0,186000,N
2026-08-30,파크점,냉장 간편식,RM-104,우삼겹 된장찌개,36,6800,0,244800,N
2026-08-30,파크점,냉장 간편식,RM-105,새우 로제파스타,36,7200,0,259200,N
2026-08-30,파크점,냉장 간편식,RM-106,닭가슴살 곤약비빔밥,30,5200,0,156000,N
2026-08-30,파크점,신선식품,FR-201,국내산 삼겹살 500g,18,13900,0,250200,N
2026-08-30,파크점,신선식품,FR-202,친환경 방울토마토,20,4900,0,98000,N
2026-08-30,파크점,신선식품,FR-203,손질 갈치 2미,19,9800,0,186200,N
2026-08-30,파크점,유제품,DR-301,1A 우유 900mL,27,3200,0,86400,N
2026-08-30,파크점,유제품,DR-302,그릭요거트 4입,25,6900,0,172500,N
2026-08-30,파크점,유제품,DR-303,체다 슬라이스 치즈,24,5400,0,129600,N
2026-08-30,파크점,가공식품,PR-401,프리미엄 즉석밥 12입,13,12900,0,167700,N
2026-08-30,파크점,가공식품,PR-402,저염 참치캔 6입,17,11500,0,195500,N
2026-08-30,파크점,가공식품,PR-403,국물용 멸치 200g,15,8900,0,133500,N
2026-08-30,파크점,음료,BV-501,탄산수 500mL 6입,26,4500,0,117000,N
2026-08-30,파크점,음료,BV-502,콜드브루 아메리카노,25,3800,0,95000,N
2026-08-30,파크점,음료,BV-503,제주 감귤주스 1L,23,5600,0,128800,N
2026-08-30,파크점,생활용품,LV-601,3겹 화장지 30롤,12,15900,0,190800,N
2026-08-30,파크점,생활용품,LV-602,주방세제 리필 2입,11,6700,0,73700,N
2026-08-31,센트럴점,냉장 간편식,RM-101,한끼 소불고기덮밥,39,5900,0,230100,N
2026-08-31,센트럴점,냉장 간편식,RM-102,매콤 닭갈비볶음밥,31,5500,0,170500,N
2026-08-31,센트럴점,냉장 간편식,RM-103,훈제오리 샐러드랩,36,6200,0,223200,N
2026-08-31,센트럴점,냉장 간편식,RM-104,우삼겹 된장찌개,35,6800,0,238000,N
2026-08-31,센트럴점,냉장 간편식,RM-105,새우 로제파스타,39,7200,0,280800,N
2026-08-31,센트럴점,냉장 간편식,RM-106,닭가슴살 곤약비빔밥,39,5200,0,202800,N
2026-08-31,센트럴점,신선식품,FR-201,국내산 삼겹살 500g,17,13900,0,236300,N
2026-08-31,센트럴점,신선식품,FR-202,친환경 방울토마토,17,4900,0,83300,N
2026-08-31,센트럴점,신선식품,FR-203,손질 갈치 2미,18,9800,0,176400,N
2026-08-31,센트럴점,유제품,DR-301,1A 우유 900mL,24,3200,0,76800,N
2026-08-31,센트럴점,유제품,DR-302,그릭요거트 4입,31,6900,0,213900,N
2026-08-31,센트럴점,유제품,DR-303,체다 슬라이스 치즈,31,5400,0,167400,N
2026-08-31,센트럴점,가공식품,PR-401,프리미엄 즉석밥 12입,18,12900,0,232200,N
2026-08-31,센트럴점,가공식품,PR-402,저염 참치캔 6입,18,11500,0,207000,N
2026-08-31,센트럴점,가공식품,PR-403,국물용 멸치 200g,17,8900,0,151300,N
2026-08-31,센트럴점,음료,BV-501,탄산수 500mL 6입,21,4500,0,94500,N
2026-08-31,센트럴점,음료,BV-502,콜드브루 아메리카노,25,3800,0,95000,N
2026-08-31,센트럴점,음료,BV-503,제주 감귤주스 1L,25,5600,0,140000,N
2026-08-31,센트럴점,생활용품,LV-601,3겹 화장지 30롤,10,15900,0,159000,N
2026-08-31,센트럴점,생활용품,LV-602,주방세제 리필 2입,11,6700,0,73700,N
2026-08-31,리버점,냉장 간편식,RM-101,한끼 소불고기덮밥,18,5900,0,106200,N
2026-08-31,리버점,냉장 간편식,RM-102,매콤 닭갈비볶음밥,19,5500,0,104500,N
2026-08-31,리버점,냉장 간편식,RM-103,훈제오리 샐러드랩,25,6200,0,155000,N
2026-08-31,리버점,냉장 간편식,RM-104,우삼겹 된장찌개,20,6800,0,136000,N
2026-08-31,리버점,냉장 간편식,RM-105,새우 로제파스타,25,7200,0,180000,N
2026-08-31,리버점,냉장 간편식,RM-106,닭가슴살 곤약비빔밥,20,5200,0,104000,N
2026-08-31,리버점,신선식품,FR-201,국내산 삼겹살 500g,11,13900,0,152900,N
2026-08-31,리버점,신선식품,FR-202,친환경 방울토마토,12,4900,0,58800,N
2026-08-31,리버점,신선식품,FR-203,손질 갈치 2미,13,9800,0,127400,N
2026-08-31,리버점,유제품,DR-301,1A 우유 900mL,16,3200,0,51200,N
2026-08-31,리버점,유제품,DR-302,그릭요거트 4입,17,6900,0,117300,N
2026-08-31,리버점,유제품,DR-303,체다 슬라이스 치즈,15,5400,0,81000,N
2026-08-31,리버점,가공식품,PR-401,프리미엄 즉석밥 12입,9,12900,0,116100,N
2026-08-31,리버점,가공식품,PR-402,저염 참치캔 6입,10,11500,0,115000,N
2026-08-31,리버점,가공식품,PR-403,국물용 멸치 200g,9,8900,0,80100,N
2026-08-31,리버점,음료,BV-501,탄산수 500mL 6입,12,4500,0,54000,N
2026-08-31,리버점,음료,BV-502,콜드브루 아메리카노,17,3800,0,64600,N
2026-08-31,리버점,음료,BV-503,제주 감귤주스 1L,15,5600,0,84000,N
2026-08-31,리버점,생활용품,LV-601,3겹 화장지 30롤,6,15900,0,95400,N
2026-08-31,리버점,생활용품,LV-602,주방세제 리필 2입,7,6700,0,46900,N
2026-08-31,파크점,냉장 간편식,RM-101,한끼 소불고기덮밥,24,5900,0,141600,N
2026-08-31,파크점,냉장 간편식,RM-102,매콤 닭갈비볶음밥,30,5500,0,165000,N
2026-08-31,파크점,냉장 간편식,RM-103,훈제오리 샐러드랩,29,6200,0,179800,N
2026-08-31,파크점,냉장 간편식,RM-104,우삼겹 된장찌개,22,6800,0,149600,N
2026-08-31,파크점,냉장 간편식,RM-105,새우 로제파스타,25,7200,0,180000,N
2026-08-31,파크점,냉장 간편식,RM-106,닭가슴살 곤약비빔밥,28,5200,0,145600,N
2026-08-31,파크점,신선식품,FR-201,국내산 삼겹살 500g,13,13900,0,180700,N
2026-08-31,파크점,신선식품,FR-202,친환경 방울토마토,16,4900,0,78400,N
2026-08-31,파크점,신선식품,FR-203,손질 갈치 2미,14,9800,0,137200,N
2026-08-31,파크점,유제품,DR-301,1A 우유 900mL,20,3200,0,64000,N
2026-08-31,파크점,유제품,DR-302,그릭요거트 4입,23,6900,0,158700,N
2026-08-31,파크점,유제품,DR-303,체다 슬라이스 치즈,22,5400,0,118800,N
2026-08-31,파크점,가공식품,PR-401,프리미엄 즉석밥 12입,13,12900,0,167700,N
2026-08-31,파크점,가공식품,PR-402,저염 참치캔 6입,14,11500,0,161000,N
2026-08-31,파크점,가공식품,PR-403,국물용 멸치 200g,14,8900,0,124600,N
2026-08-31,파크점,음료,BV-501,탄산수 500mL 6입,19,4500,0,85500,N
2026-08-31,파크점,음료,BV-502,콜드브루 아메리카노,17,3800,0,64600,N
2026-08-31,파크점,음료,BV-503,제주 감귤주스 1L,16,5600,0,89600,N
2026-08-31,파크점,생활용품,LV-601,3겹 화장지 30롤,9,15900,0,143100,N
2026-08-31,파크점,생활용품,LV-602,주방세제 리필 2입,9,6700,0,60300,N
2026-09-01,센트럴점,냉장 간편식,RM-101,한끼 소불고기덮밥,37,5900,0,218300,N
2026-09-01,센트럴점,냉장 간편식,RM-102,매콤 닭갈비볶음밥,38,5500,0,209000,N
2026-09-01,센트럴점,냉장 간편식,RM-103,훈제오리 샐러드랩,33,6200,0,204600,N
2026-09-01,센트럴점,냉장 간편식,RM-104,우삼겹 된장찌개,32,6800,0,217600,N
2026-09-01,센트럴점,냉장 간편식,RM-105,새우 로제파스타,31,7200,0,223200,N
2026-09-01,센트럴점,냉장 간편식,RM-106,닭가슴살 곤약비빔밥,32,5200,0,166400,N
2026-09-01,센트럴점,신선식품,FR-201,국내산 삼겹살 500g,21,13900,0,291900,N
2026-09-01,센트럴점,신선식품,FR-202,친환경 방울토마토,21,4900,0,102900,N
2026-09-01,센트럴점,신선식품,FR-203,손질 갈치 2미,17,9800,0,166600,N
2026-09-01,센트럴점,유제품,DR-301,1A 우유 900mL,21,3200,0,67200,N
2026-09-01,센트럴점,유제품,DR-302,그릭요거트 4입,27,6900,0,186300,N
2026-09-01,센트럴점,유제품,DR-303,체다 슬라이스 치즈,25,5400,0,135000,N
2026-09-01,센트럴점,가공식품,PR-401,프리미엄 즉석밥 12입,17,12900,0,219300,N
2026-09-01,센트럴점,가공식품,PR-402,저염 참치캔 6입,13,11500,0,149500,N
2026-09-01,센트럴점,가공식품,PR-403,국물용 멸치 200g,17,8900,0,151300,N
2026-09-01,센트럴점,음료,BV-501,탄산수 500mL 6입,23,4500,0,103500,N
2026-09-01,센트럴점,음료,BV-502,콜드브루 아메리카노,19,3800,0,72200,N
2026-09-01,센트럴점,음료,BV-503,제주 감귤주스 1L,21,5600,0,117600,N
2026-09-01,센트럴점,생활용품,LV-601,3겹 화장지 30롤,10,15900,0,159000,N
2026-09-01,센트럴점,생활용품,LV-602,주방세제 리필 2입,9,6700,0,60300,N
2026-09-01,리버점,냉장 간편식,RM-101,한끼 소불고기덮밥,23,5900,0,135700,N
2026-09-01,리버점,냉장 간편식,RM-102,매콤 닭갈비볶음밥,19,5500,0,104500,N
2026-09-01,리버점,냉장 간편식,RM-103,훈제오리 샐러드랩,18,6200,0,111600,N
2026-09-01,리버점,냉장 간편식,RM-104,우삼겹 된장찌개,21,6800,0,142800,N
2026-09-01,리버점,냉장 간편식,RM-105,새우 로제파스타,20,7200,0,144000,N
2026-09-01,리버점,냉장 간편식,RM-106,닭가슴살 곤약비빔밥,18,5200,0,93600,N
2026-09-01,리버점,신선식품,FR-201,국내산 삼겹살 500g,12,13900,0,166800,N
2026-09-01,리버점,신선식품,FR-202,친환경 방울토마토,13,4900,0,63700,N
2026-09-01,리버점,신선식품,FR-203,손질 갈치 2미,13,9800,0,127400,N
2026-09-01,리버점,유제품,DR-301,1A 우유 900mL,15,3200,0,48000,N
2026-09-01,리버점,유제품,DR-302,그릭요거트 4입,16,6900,0,110400,N
2026-09-01,리버점,유제품,DR-303,체다 슬라이스 치즈,15,5400,0,81000,N
2026-09-01,리버점,가공식품,PR-401,프리미엄 즉석밥 12입,9,12900,0,116100,N
2026-09-01,리버점,가공식품,PR-402,저염 참치캔 6입,9,11500,0,103500,N
2026-09-01,리버점,가공식품,PR-403,국물용 멸치 200g,11,8900,0,97900,N
2026-09-01,리버점,음료,BV-501,탄산수 500mL 6입,16,4500,0,72000,N
2026-09-01,리버점,음료,BV-502,콜드브루 아메리카노,11,3800,0,41800,N
2026-09-01,리버점,음료,BV-503,제주 감귤주스 1L,16,5600,0,89600,N
2026-09-01,리버점,생활용품,LV-601,3겹 화장지 30롤,7,15900,0,111300,N
2026-09-01,리버점,생활용품,LV-602,주방세제 리필 2입,7,6700,0,46900,N
2026-09-01,파크점,냉장 간편식,RM-101,한끼 소불고기덮밥,21,5900,0,123900,N
2026-09-01,파크점,냉장 간편식,RM-102,매콤 닭갈비볶음밥,27,5500,0,148500,N
2026-09-01,파크점,냉장 간편식,RM-103,훈제오리 샐러드랩,24,6200,0,148800,N
2026-09-01,파크점,냉장 간편식,RM-104,우삼겹 된장찌개,21,6800,0,142800,N
2026-09-01,파크점,냉장 간편식,RM-105,새우 로제파스타,24,7200,0,172800,N
2026-09-01,파크점,냉장 간편식,RM-106,닭가슴살 곤약비빔밥,24,5200,0,124800,N
2026-09-01,파크점,신선식품,FR-201,국내산 삼겹살 500g,12,13900,0,166800,N
2026-09-01,파크점,신선식품,FR-202,친환경 방울토마토,12,4900,0,58800,N
2026-09-01,파크점,신선식품,FR-203,손질 갈치 2미,14,9800,0,137200,N
2026-09-01,파크점,유제품,DR-301,1A 우유 900mL,18,3200,0,57600,N
2026-09-01,파크점,유제품,DR-302,그릭요거트 4입,22,6900,0,151800,N
2026-09-01,파크점,유제품,DR-303,체다 슬라이스 치즈,16,5400,0,86400,N
2026-09-01,파크점,가공식품,PR-401,프리미엄 즉석밥 12입,11,12900,0,141900,N
2026-09-01,파크점,가공식품,PR-402,저염 참치캔 6입,12,11500,0,138000,N
2026-09-01,파크점,가공식품,PR-403,국물용 멸치 200g,10,8900,0,89000,N
2026-09-01,파크점,음료,BV-501,탄산수 500mL 6입,18,4500,0,81000,N
2026-09-01,파크점,음료,BV-502,콜드브루 아메리카노,14,3800,0,53200,N
2026-09-01,파크점,음료,BV-503,제주 감귤주스 1L,18,5600,0,100800,N
2026-09-01,파크점,생활용품,LV-601,3겹 화장지 30롤,9,15900,0,143100,N
2026-09-01,파크점,생활용품,LV-602,주방세제 리필 2입,7,6700,0,46900,N
2026-09-02,센트럴점,냉장 간편식,RM-101,한끼 소불고기덮밥,37,5900,0,218300,N
2026-09-02,센트럴점,냉장 간편식,RM-102,매콤 닭갈비볶음밥,31,5500,0,170500,N
2026-09-02,센트럴점,냉장 간편식,RM-103,훈제오리 샐러드랩,31,6200,0,192200,N
2026-09-02,센트럴점,냉장 간편식,RM-104,우삼겹 된장찌개,39,6800,0,265200,N
2026-09-02,센트럴점,냉장 간편식,RM-105,새우 로제파스타,32,7200,0,230400,N
2026-09-02,센트럴점,냉장 간편식,RM-106,닭가슴살 곤약비빔밥,30,5200,0,156000,N
2026-09-02,센트럴점,신선식품,FR-201,국내산 삼겹살 500g,23,13900,0,319700,N
2026-09-02,센트럴점,신선식품,FR-202,친환경 방울토마토,23,4900,0,112700,N
2026-09-02,센트럴점,신선식품,FR-203,손질 갈치 2미,24,9800,0,235200,N
2026-09-02,센트럴점,유제품,DR-301,1A 우유 900mL,28,3200,0,89600,N
2026-09-02,센트럴점,유제품,DR-302,그릭요거트 4입,30,6900,0,207000,N
2026-09-02,센트럴점,유제품,DR-303,체다 슬라이스 치즈,24,5400,0,129600,N
2026-09-02,센트럴점,가공식품,PR-401,프리미엄 즉석밥 12입,15,12900,0,193500,N
2026-09-02,센트럴점,가공식품,PR-402,저염 참치캔 6입,18,11500,0,207000,N
2026-09-02,센트럴점,가공식품,PR-403,국물용 멸치 200g,17,8900,0,151300,N
2026-09-02,센트럴점,음료,BV-501,탄산수 500mL 6입,21,4500,0,94500,N
2026-09-02,센트럴점,음료,BV-502,콜드브루 아메리카노,23,3800,0,87400,N
2026-09-02,센트럴점,음료,BV-503,제주 감귤주스 1L,26,5600,0,145600,N
2026-09-02,센트럴점,생활용품,LV-601,3겹 화장지 30롤,11,15900,0,174900,N
2026-09-02,센트럴점,생활용품,LV-602,주방세제 리필 2입,13,6700,0,87100,N
2026-09-02,리버점,냉장 간편식,RM-101,한끼 소불고기덮밥,22,5900,0,129800,N
2026-09-02,리버점,냉장 간편식,RM-102,매콤 닭갈비볶음밥,22,5500,0,121000,N
2026-09-02,리버점,냉장 간편식,RM-103,훈제오리 샐러드랩,21,6200,0,130200,N
2026-09-02,리버점,냉장 간편식,RM-104,우삼겹 된장찌개,25,6800,0,170000,N
2026-09-02,리버점,냉장 간편식,RM-105,새우 로제파스타,18,7200,0,129600,N
2026-09-02,리버점,냉장 간편식,RM-106,닭가슴살 곤약비빔밥,25,5200,0,130000,N
2026-09-02,리버점,신선식품,FR-201,국내산 삼겹살 500g,12,13900,0,166800,N
2026-09-02,리버점,신선식품,FR-202,친환경 방울토마토,13,4900,0,63700,N
2026-09-02,리버점,신선식품,FR-203,손질 갈치 2미,12,9800,0,117600,N
2026-09-02,리버점,유제품,DR-301,1A 우유 900mL,16,3200,0,51200,N
2026-09-02,리버점,유제품,DR-302,그릭요거트 4입,15,6900,0,103500,N
2026-09-02,리버점,유제품,DR-303,체다 슬라이스 치즈,19,5400,0,102600,N
2026-09-02,리버점,가공식품,PR-401,프리미엄 즉석밥 12입,10,12900,0,129000,N
2026-09-02,리버점,가공식품,PR-402,저염 참치캔 6입,9,11500,0,103500,N
2026-09-02,리버점,가공식품,PR-403,국물용 멸치 200g,12,8900,0,106800,N
2026-09-02,리버점,음료,BV-501,탄산수 500mL 6입,16,4500,0,72000,N
2026-09-02,리버점,음료,BV-502,콜드브루 아메리카노,15,3800,0,57000,N
2026-09-02,리버점,음료,BV-503,제주 감귤주스 1L,16,5600,0,89600,N
2026-09-02,리버점,생활용품,LV-601,3겹 화장지 30롤,6,15900,0,95400,N
2026-09-02,리버점,생활용품,LV-602,주방세제 리필 2입,6,6700,0,40200,N
2026-09-02,파크점,냉장 간편식,RM-101,한끼 소불고기덮밥,25,5900,0,147500,N
2026-09-02,파크점,냉장 간편식,RM-102,매콤 닭갈비볶음밥,23,5500,0,126500,N
2026-09-02,파크점,냉장 간편식,RM-103,훈제오리 샐러드랩,30,6200,0,186000,N
2026-09-02,파크점,냉장 간편식,RM-104,우삼겹 된장찌개,25,6800,0,170000,N
2026-09-02,파크점,냉장 간편식,RM-105,새우 로제파스타,28,7200,0,201600,N
2026-09-02,파크점,냉장 간편식,RM-106,닭가슴살 곤약비빔밥,28,5200,0,145600,N
2026-09-02,파크점,신선식품,FR-201,국내산 삼겹살 500g,15,13900,0,208500,N
2026-09-02,파크점,신선식품,FR-202,친환경 방울토마토,14,4900,0,68600,N
2026-09-02,파크점,신선식품,FR-203,손질 갈치 2미,13,9800,0,127400,N
2026-09-02,파크점,유제품,DR-301,1A 우유 900mL,18,3200,0,57600,N
2026-09-02,파크점,유제품,DR-302,그릭요거트 4입,19,6900,0,131100,N
2026-09-02,파크점,유제품,DR-303,체다 슬라이스 치즈,17,5400,0,91800,N
2026-09-02,파크점,가공식품,PR-401,프리미엄 즉석밥 12입,14,12900,0,180600,N
2026-09-02,파크점,가공식품,PR-402,저염 참치캔 6입,14,11500,0,161000,N
2026-09-02,파크점,가공식품,PR-403,국물용 멸치 200g,11,8900,0,97900,N
2026-09-02,파크점,음료,BV-501,탄산수 500mL 6입,16,4500,0,72000,N
2026-09-02,파크점,음료,BV-502,콜드브루 아메리카노,16,3800,0,60800,N
2026-09-02,파크점,음료,BV-503,제주 감귤주스 1L,15,5600,0,84000,N
2026-09-02,파크점,생활용품,LV-601,3겹 화장지 30롤,10,15900,0,159000,N
2026-09-02,파크점,생활용품,LV-602,주방세제 리필 2입,8,6700,0,53600,N
2026-09-03,센트럴점,냉장 간편식,RM-101,한끼 소불고기덮밥,36,5900,0,212400,N
2026-09-03,센트럴점,냉장 간편식,RM-102,매콤 닭갈비볶음밥,33,5500,0,181500,N
2026-09-03,센트럴점,냉장 간편식,RM-103,훈제오리 샐러드랩,45,6200,0,279000,N
2026-09-03,센트럴점,냉장 간편식,RM-104,우삼겹 된장찌개,40,6800,0,272000,N
2026-09-03,센트럴점,냉장 간편식,RM-105,새우 로제파스타,33,7200,0,237600,N
2026-09-03,센트럴점,냉장 간편식,RM-106,닭가슴살 곤약비빔밥,42,5200,0,218400,N
2026-09-03,센트럴점,신선식품,FR-201,국내산 삼겹살 500g,21,13900,0,291900,N
2026-09-03,센트럴점,신선식품,FR-202,친환경 방울토마토,21,4900,0,102900,N
2026-09-03,센트럴점,신선식품,FR-203,손질 갈치 2미,19,9800,0,186200,N
2026-09-03,센트럴점,유제품,DR-301,1A 우유 900mL,25,3200,0,80000,N
2026-09-03,센트럴점,유제품,DR-302,그릭요거트 4입,25,6900,0,172500,N
2026-09-03,센트럴점,유제품,DR-303,체다 슬라이스 치즈,32,5400,0,172800,N
2026-09-03,센트럴점,가공식품,PR-401,프리미엄 즉석밥 12입,19,12900,0,245100,N
2026-09-03,센트럴점,가공식품,PR-402,저염 참치캔 6입,21,11500,0,241500,N
2026-09-03,센트럴점,가공식품,PR-403,국물용 멸치 200g,21,8900,0,186900,N
2026-09-03,센트럴점,음료,BV-501,탄산수 500mL 6입,23,4500,0,103500,N
2026-09-03,센트럴점,음료,BV-502,콜드브루 아메리카노,25,3800,0,95000,N
2026-09-03,센트럴점,음료,BV-503,제주 감귤주스 1L,23,5600,0,128800,N
2026-09-03,센트럴점,생활용품,LV-601,3겹 화장지 30롤,13,15900,0,206700,N
2026-09-03,센트럴점,생활용품,LV-602,주방세제 리필 2입,11,6700,0,73700,N
2026-09-03,리버점,냉장 간편식,RM-101,한끼 소불고기덮밥,23,5900,0,135700,N
2026-09-03,리버점,냉장 간편식,RM-102,매콤 닭갈비볶음밥,21,5500,0,115500,N
2026-09-03,리버점,냉장 간편식,RM-103,훈제오리 샐러드랩,27,6200,0,167400,N
2026-09-03,리버점,냉장 간편식,RM-104,우삼겹 된장찌개,28,6800,0,190400,N
2026-09-03,리버점,냉장 간편식,RM-105,새우 로제파스타,20,7200,0,144000,N
2026-09-03,리버점,냉장 간편식,RM-106,닭가슴살 곤약비빔밥,28,5200,0,145600,N
2026-09-03,리버점,신선식품,FR-201,국내산 삼겹살 500g,13,13900,0,180700,N
2026-09-03,리버점,신선식품,FR-202,친환경 방울토마토,13,4900,0,63700,N
2026-09-03,리버점,신선식품,FR-203,손질 갈치 2미,13,9800,0,127400,N
2026-09-03,리버점,유제품,DR-301,1A 우유 900mL,16,3200,0,51200,N
2026-09-03,리버점,유제품,DR-302,그릭요거트 4입,21,6900,0,144900,N
2026-09-03,리버점,유제품,DR-303,체다 슬라이스 치즈,18,5400,0,97200,N
2026-09-03,리버점,가공식품,PR-401,프리미엄 즉석밥 12입,12,12900,0,154800,N
2026-09-03,리버점,가공식품,PR-402,저염 참치캔 6입,12,11500,0,138000,N
2026-09-03,리버점,가공식품,PR-403,국물용 멸치 200g,13,8900,0,115700,N
2026-09-03,리버점,음료,BV-501,탄산수 500mL 6입,17,4500,0,76500,N
2026-09-03,리버점,음료,BV-502,콜드브루 아메리카노,15,3800,0,57000,N
2026-09-03,리버점,음료,BV-503,제주 감귤주스 1L,17,5600,0,95200,N
2026-09-03,리버점,생활용품,LV-601,3겹 화장지 30롤,8,15900,0,127200,N
2026-09-03,리버점,생활용품,LV-602,주방세제 리필 2입,8,6700,0,53600,N
2026-09-03,파크점,냉장 간편식,RM-101,한끼 소불고기덮밥,26,5900,0,153400,N
2026-09-03,파크점,냉장 간편식,RM-102,매콤 닭갈비볶음밥,26,5500,0,143000,N
2026-09-03,파크점,냉장 간편식,RM-103,훈제오리 샐러드랩,28,6200,0,173600,N
2026-09-03,파크점,냉장 간편식,RM-104,우삼겹 된장찌개,25,6800,0,170000,N
2026-09-03,파크점,냉장 간편식,RM-105,새우 로제파스타,32,7200,0,230400,N
2026-09-03,파크점,냉장 간편식,RM-106,닭가슴살 곤약비빔밥,29,5200,0,150800,N
2026-09-03,파크점,신선식품,FR-201,국내산 삼겹살 500g,17,13900,0,236300,N
2026-09-03,파크점,신선식품,FR-202,친환경 방울토마토,18,4900,0,88200,N
2026-09-03,파크점,신선식품,FR-203,손질 갈치 2미,17,9800,0,166600,N
2026-09-03,파크점,유제품,DR-301,1A 우유 900mL,19,3200,0,60800,N
2026-09-03,파크점,유제품,DR-302,그릭요거트 4입,20,6900,0,138000,N
2026-09-03,파크점,유제품,DR-303,체다 슬라이스 치즈,19,5400,0,102600,N
2026-09-03,파크점,가공식품,PR-401,프리미엄 즉석밥 12입,13,12900,0,167700,N
2026-09-03,파크점,가공식품,PR-402,저염 참치캔 6입,14,11500,0,161000,N
2026-09-03,파크점,가공식품,PR-403,국물용 멸치 200g,12,8900,0,106800,N
2026-09-03,파크점,음료,BV-501,탄산수 500mL 6입,19,4500,0,85500,N
2026-09-03,파크점,음료,BV-502,콜드브루 아메리카노,22,3800,0,83600,N
2026-09-03,파크점,음료,BV-503,제주 감귤주스 1L,19,5600,0,106400,N
2026-09-03,파크점,생활용품,LV-601,3겹 화장지 30롤,8,15900,0,127200,N
2026-09-03,파크점,생활용품,LV-602,주방세제 리필 2입,10,6700,0,67000,N
2026-09-04,센트럴점,냉장 간편식,RM-101,한끼 소불고기덮밥,70,5900,27730,385270,Y
2026-09-04,센트럴점,냉장 간편식,RM-102,매콤 닭갈비볶음밥,76,5500,28050,389950,Y
2026-09-04,센트럴점,냉장 간편식,RM-103,훈제오리 샐러드랩,80,6200,33480,462520,Y
2026-09-04,센트럴점,냉장 간편식,RM-104,우삼겹 된장찌개,56,6800,25840,354960,Y
2026-09-04,센트럴점,냉장 간편식,RM-105,새우 로제파스타,80,7200,38880,537120,Y
2026-09-04,센트럴점,냉장 간편식,RM-106,닭가슴살 곤약비빔밥,73,5200,25480,354120,Y
2026-09-04,센트럴점,신선식품,FR-201,국내산 삼겹살 500g,34,13900,0,472600,N
2026-09-04,센트럴점,신선식품,FR-202,친환경 방울토마토,29,4900,0,142100,N
2026-09-04,센트럴점,신선식품,FR-203,손질 갈치 2미,26,9800,0,254800,N
2026-09-04,센트럴점,유제품,DR-301,1A 우유 900mL,39,3200,0,124800,N
2026-09-04,센트럴점,유제품,DR-302,그릭요거트 4입,37,6900,0,255300,N
2026-09-04,센트럴점,유제품,DR-303,체다 슬라이스 치즈,45,5400,0,243000,N
2026-09-04,센트럴점,가공식품,PR-401,프리미엄 즉석밥 12입,21,12900,0,270900,N
2026-09-04,센트럴점,가공식품,PR-402,저염 참치캔 6입,21,11500,0,241500,N
2026-09-04,센트럴점,가공식품,PR-403,국물용 멸치 200g,24,8900,0,213600,N
2026-09-04,센트럴점,음료,BV-501,탄산수 500mL 6입,35,4500,0,157500,N
2026-09-04,센트럴점,음료,BV-502,콜드브루 아메리카노,39,3800,0,148200,N
2026-09-04,센트럴점,음료,BV-503,제주 감귤주스 1L,32,5600,0,179200,N
2026-09-04,센트럴점,생활용품,LV-601,3겹 화장지 30롤,18,15900,0,286200,N
2026-09-04,센트럴점,생활용품,LV-602,주방세제 리필 2입,16,6700,0,107200,N
2026-09-04,리버점,냉장 간편식,RM-101,한끼 소불고기덮밥,33,5900,12980,181720,Y
2026-09-04,리버점,냉장 간편식,RM-102,매콤 닭갈비볶음밥,34,5500,12650,174350,Y
2026-09-04,리버점,냉장 간편식,RM-103,훈제오리 샐러드랩,34,6200,14260,196540,Y
2026-09-04,리버점,냉장 간편식,RM-104,우삼겹 된장찌개,38,6800,17000,241400,Y
2026-09-04,리버점,냉장 간편식,RM-105,새우 로제파스타,38,7200,18000,255600,Y
2026-09-04,리버점,냉장 간편식,RM-106,닭가슴살 곤약비빔밥,40,5200,14040,193960,Y
2026-09-04,리버점,신선식품,FR-201,국내산 삼겹살 500g,19,13900,0,264100,N
2026-09-04,리버점,신선식품,FR-202,친환경 방울토마토,18,4900,0,88200,N
2026-09-04,리버점,신선식품,FR-203,손질 갈치 2미,17,9800,0,166600,N
2026-09-04,리버점,유제품,DR-301,1A 우유 900mL,26,3200,0,83200,N
2026-09-04,리버점,유제품,DR-302,그릭요거트 4입,24,6900,0,165600,N
2026-09-04,리버점,유제품,DR-303,체다 슬라이스 치즈,29,5400,0,156600,N
2026-09-04,리버점,가공식품,PR-401,프리미엄 즉석밥 12입,18,12900,0,232200,N
2026-09-04,리버점,가공식품,PR-402,저염 참치캔 6입,13,11500,0,149500,N
2026-09-04,리버점,가공식품,PR-403,국물용 멸치 200g,16,8900,0,142400,N
2026-09-04,리버점,음료,BV-501,탄산수 500mL 6입,25,4500,0,112500,N
2026-09-04,리버점,음료,BV-502,콜드브루 아메리카노,21,3800,0,79800,N
2026-09-04,리버점,음료,BV-503,제주 감귤주스 1L,24,5600,0,134400,N
2026-09-04,리버점,생활용품,LV-601,3겹 화장지 30롤,11,15900,0,174900,N
2026-09-04,리버점,생활용품,LV-602,주방세제 리필 2입,10,6700,0,67000,N
2026-09-04,파크점,냉장 간편식,RM-101,한끼 소불고기덮밥,49,5900,19470,269630,Y
2026-09-04,파크점,냉장 간편식,RM-102,매콤 닭갈비볶음밥,50,5500,18700,256300,Y
2026-09-04,파크점,냉장 간편식,RM-103,훈제오리 샐러드랩,52,6200,21700,300700,Y
2026-09-04,파크점,냉장 간편식,RM-104,우삼겹 된장찌개,41,6800,18360,260440,Y
2026-09-04,파크점,냉장 간편식,RM-105,새우 로제파스타,52,7200,25200,349200,Y
2026-09-04,파크점,냉장 간편식,RM-106,닭가슴살 곤약비빔밥,51,5200,17680,247520,Y
2026-09-04,파크점,신선식품,FR-201,국내산 삼겹살 500g,24,13900,0,333600,N
2026-09-04,파크점,신선식품,FR-202,친환경 방울토마토,25,4900,0,122500,N
2026-09-04,파크점,신선식품,FR-203,손질 갈치 2미,23,9800,0,225400,N
2026-09-04,파크점,유제품,DR-301,1A 우유 900mL,26,3200,0,83200,N
2026-09-04,파크점,유제품,DR-302,그릭요거트 4입,27,6900,0,186300,N
2026-09-04,파크점,유제품,DR-303,체다 슬라이스 치즈,33,5400,0,178200,N
2026-09-04,파크점,가공식품,PR-401,프리미엄 즉석밥 12입,15,12900,0,193500,N
2026-09-04,파크점,가공식품,PR-402,저염 참치캔 6입,19,11500,0,218500,N
2026-09-04,파크점,가공식품,PR-403,국물용 멸치 200g,16,8900,0,142400,N
2026-09-04,파크점,음료,BV-501,탄산수 500mL 6입,24,4500,0,108000,N
2026-09-04,파크점,음료,BV-502,콜드브루 아메리카노,26,3800,0,98800,N
2026-09-04,파크점,음료,BV-503,제주 감귤주스 1L,27,5600,0,151200,N
2026-09-04,파크점,생활용품,LV-601,3겹 화장지 30롤,10,15900,0,159000,N
2026-09-04,파크점,생활용품,LV-602,주방세제 리필 2입,10,6700,0,67000,N
2026-09-05,센트럴점,냉장 간편식,RM-101,한끼 소불고기덮밥,76,5900,30090,418310,Y
2026-09-05,센트럴점,냉장 간편식,RM-102,매콤 닭갈비볶음밥,82,5500,30250,420750,Y
2026-09-05,센트럴점,냉장 간편식,RM-103,훈제오리 샐러드랩,75,6200,31620,433380,Y
2026-09-05,센트럴점,냉장 간편식,RM-104,우삼겹 된장찌개,86,6800,39440,545360,Y
2026-09-05,센트럴점,냉장 간편식,RM-105,새우 로제파스타,77,7200,37440,516960,Y
2026-09-05,센트럴점,냉장 간편식,RM-106,닭가슴살 곤약비빔밥,75,5200,26520,363480,Y
2026-09-05,센트럴점,신선식품,FR-201,국내산 삼겹살 500g,37,13900,0,514300,N
2026-09-05,센트럴점,신선식품,FR-202,친환경 방울토마토,37,4900,0,181300,N
2026-09-05,센트럴점,신선식품,FR-203,손질 갈치 2미,30,9800,0,294000,N
2026-09-05,센트럴점,유제품,DR-301,1A 우유 900mL,46,3200,0,147200,N
2026-09-05,센트럴점,유제품,DR-302,그릭요거트 4입,46,6900,0,317400,N
2026-09-05,센트럴점,유제품,DR-303,체다 슬라이스 치즈,46,5400,0,248400,N
2026-09-05,센트럴점,가공식품,PR-401,프리미엄 즉석밥 12입,31,12900,0,399900,N
2026-09-05,센트럴점,가공식품,PR-402,저염 참치캔 6입,29,11500,0,333500,N
2026-09-05,센트럴점,가공식품,PR-403,국물용 멸치 200g,28,8900,0,249200,N
2026-09-05,센트럴점,음료,BV-501,탄산수 500mL 6입,40,4500,0,180000,N
2026-09-05,센트럴점,음료,BV-502,콜드브루 아메리카노,39,3800,0,148200,N
2026-09-05,센트럴점,음료,BV-503,제주 감귤주스 1L,34,5600,0,190400,N
2026-09-05,센트럴점,생활용품,LV-601,3겹 화장지 30롤,21,15900,0,333900,N
2026-09-05,센트럴점,생활용품,LV-602,주방세제 리필 2입,15,6700,0,100500,N
2026-09-05,리버점,냉장 간편식,RM-101,한끼 소불고기덮밥,41,5900,15930,225970,Y
2026-09-05,리버점,냉장 간편식,RM-102,매콤 닭갈비볶음밥,33,5500,12100,169400,Y
2026-09-05,리버점,냉장 간편식,RM-103,훈제오리 샐러드랩,33,6200,13640,190960,Y
2026-09-05,리버점,냉장 간편식,RM-104,우삼겹 된장찌개,33,6800,14960,209440,Y
2026-09-05,리버점,냉장 간편식,RM-105,새우 로제파스타,32,7200,15120,215280,Y
2026-09-05,리버점,냉장 간편식,RM-106,닭가슴살 곤약비빔밥,37,5200,13000,179400,Y
2026-09-05,리버점,신선식품,FR-201,국내산 삼겹살 500g,22,13900,0,305800,N
2026-09-05,리버점,신선식품,FR-202,친환경 방울토마토,22,4900,0,107800,N
2026-09-05,리버점,신선식품,FR-203,손질 갈치 2미,17,9800,0,166600,N
2026-09-05,리버점,유제품,DR-301,1A 우유 900mL,29,3200,0,92800,N
2026-09-05,리버점,유제품,DR-302,그릭요거트 4입,24,6900,0,165600,N
2026-09-05,리버점,유제품,DR-303,체다 슬라이스 치즈,32,5400,0,172800,N
2026-09-05,리버점,가공식품,PR-401,프리미엄 즉석밥 12입,16,12900,0,206400,N
2026-09-05,리버점,가공식품,PR-402,저염 참치캔 6입,14,11500,0,161000,N
2026-09-05,리버점,가공식품,PR-403,국물용 멸치 200g,15,8900,0,133500,N
2026-09-05,리버점,음료,BV-501,탄산수 500mL 6입,22,4500,0,99000,N
2026-09-05,리버점,음료,BV-502,콜드브루 아메리카노,26,3800,0,98800,N
2026-09-05,리버점,음료,BV-503,제주 감귤주스 1L,23,5600,0,128800,N
2026-09-05,리버점,생활용품,LV-601,3겹 화장지 30롤,11,15900,0,174900,N
2026-09-05,리버점,생활용품,LV-602,주방세제 리필 2입,13,6700,0,87100,N
2026-09-05,파크점,냉장 간편식,RM-101,한끼 소불고기덮밥,46,5900,18290,253110,Y
2026-09-05,파크점,냉장 간편식,RM-102,매콤 닭갈비볶음밥,52,5500,19250,266750,Y
2026-09-05,파크점,냉장 간편식,RM-103,훈제오리 샐러드랩,51,6200,21080,295120,Y
2026-09-05,파크점,냉장 간편식,RM-104,우삼겹 된장찌개,50,6800,23120,316880,Y
2026-09-05,파크점,냉장 간편식,RM-105,새우 로제파스타,55,7200,26640,369360,Y
2026-09-05,파크점,냉장 간편식,RM-106,닭가슴살 곤약비빔밥,52,5200,18200,252200,Y
2026-09-05,파크점,신선식품,FR-201,국내산 삼겹살 500g,22,13900,0,305800,N
2026-09-05,파크점,신선식품,FR-202,친환경 방울토마토,27,4900,0,132300,N
2026-09-05,파크점,신선식품,FR-203,손질 갈치 2미,22,9800,0,215600,N
2026-09-05,파크점,유제품,DR-301,1A 우유 900mL,27,3200,0,86400,N
2026-09-05,파크점,유제품,DR-302,그릭요거트 4입,31,6900,0,213900,N
2026-09-05,파크점,유제품,DR-303,체다 슬라이스 치즈,34,5400,0,183600,N
2026-09-05,파크점,가공식품,PR-401,프리미엄 즉석밥 12입,21,12900,0,270900,N
2026-09-05,파크점,가공식품,PR-402,저염 참치캔 6입,19,11500,0,218500,N
2026-09-05,파크점,가공식품,PR-403,국물용 멸치 200g,23,8900,0,204700,N
2026-09-05,파크점,음료,BV-501,탄산수 500mL 6입,31,4500,0,139500,N
2026-09-05,파크점,음료,BV-502,콜드브루 아메리카노,24,3800,0,91200,N
2026-09-05,파크점,음료,BV-503,제주 감귤주스 1L,29,5600,0,162400,N
2026-09-05,파크점,생활용품,LV-601,3겹 화장지 30롤,11,15900,0,174900,N
2026-09-05,파크점,생활용품,LV-602,주방세제 리필 2입,14,6700,0,93800,N
2026-09-06,센트럴점,냉장 간편식,RM-101,한끼 소불고기덮밥,61,5900,24190,335710,Y
2026-09-06,센트럴점,냉장 간편식,RM-102,매콤 닭갈비볶음밥,71,5500,26400,364100,Y
2026-09-06,센트럴점,냉장 간편식,RM-103,훈제오리 샐러드랩,55,6200,22940,318060,Y
2026-09-06,센트럴점,냉장 간편식,RM-104,우삼겹 된장찌개,72,6800,32640,456960,Y
2026-09-06,센트럴점,냉장 간편식,RM-105,새우 로제파스타,65,7200,31680,436320,Y
2026-09-06,센트럴점,냉장 간편식,RM-106,닭가슴살 곤약비빔밥,72,5200,24960,349440,Y
2026-09-06,센트럴점,신선식품,FR-201,국내산 삼겹살 500g,30,13900,0,417000,N
2026-09-06,센트럴점,신선식품,FR-202,친환경 방울토마토,25,4900,0,122500,N
2026-09-06,센트럴점,신선식품,FR-203,손질 갈치 2미,31,9800,0,303800,N
2026-09-06,센트럴점,유제품,DR-301,1A 우유 900mL,42,3200,0,134400,N
2026-09-06,센트럴점,유제품,DR-302,그릭요거트 4입,38,6900,0,262200,N
2026-09-06,센트럴점,유제품,DR-303,체다 슬라이스 치즈,41,5400,0,221400,N
2026-09-06,센트럴점,가공식품,PR-401,프리미엄 즉석밥 12입,20,12900,0,258000,N
2026-09-06,센트럴점,가공식품,PR-402,저염 참치캔 6입,21,11500,0,241500,N
2026-09-06,센트럴점,가공식품,PR-403,국물용 멸치 200g,25,8900,0,222500,N
2026-09-06,센트럴점,음료,BV-501,탄산수 500mL 6입,32,4500,0,144000,N
2026-09-06,센트럴점,음료,BV-502,콜드브루 아메리카노,35,3800,0,133000,N
2026-09-06,센트럴점,음료,BV-503,제주 감귤주스 1L,34,5600,0,190400,N
2026-09-06,센트럴점,생활용품,LV-601,3겹 화장지 30롤,17,15900,0,270300,N
2026-09-06,센트럴점,생활용품,LV-602,주방세제 리필 2입,17,6700,0,113900,N
2026-09-06,리버점,냉장 간편식,RM-101,한끼 소불고기덮밥,19,5900,7080,105020,Y
2026-09-06,리버점,냉장 간편식,RM-102,매콤 닭갈비볶음밥,26,5500,9350,133650,Y
2026-09-06,리버점,냉장 간편식,RM-103,훈제오리 샐러드랩,20,6200,8060,115940,Y
2026-09-06,리버점,냉장 간편식,RM-104,우삼겹 된장찌개,25,6800,11560,158440,Y
2026-09-06,리버점,냉장 간편식,RM-105,새우 로제파스타,22,7200,10080,148320,Y
2026-09-06,리버점,냉장 간편식,RM-106,닭가슴살 곤약비빔밥,21,5200,7280,101920,Y
2026-09-06,리버점,신선식품,FR-201,국내산 삼겹살 500g,20,13900,0,278000,N
2026-09-06,리버점,신선식품,FR-202,친환경 방울토마토,19,4900,0,93100,N
2026-09-06,리버점,신선식품,FR-203,손질 갈치 2미,18,9800,0,176400,N
2026-09-06,리버점,유제품,DR-301,1A 우유 900mL,19,3200,0,60800,N
2026-09-06,리버점,유제품,DR-302,그릭요거트 4입,16,6900,0,110400,N
2026-09-06,리버점,유제품,DR-303,체다 슬라이스 치즈,15,5400,0,81000,N
2026-09-06,리버점,가공식품,PR-401,프리미엄 즉석밥 12입,13,12900,0,167700,N
2026-09-06,리버점,가공식품,PR-402,저염 참치캔 6입,15,11500,0,172500,N
2026-09-06,리버점,가공식품,PR-403,국물용 멸치 200g,12,8900,0,106800,N
2026-09-06,리버점,음료,BV-501,탄산수 500mL 6입,18,4500,0,81000,N
2026-09-06,리버점,음료,BV-502,콜드브루 아메리카노,21,3800,0,79800,N
2026-09-06,리버점,음료,BV-503,제주 감귤주스 1L,22,5600,0,123200,N
2026-09-06,리버점,생활용품,LV-601,3겹 화장지 30롤,8,15900,0,127200,N
2026-09-06,리버점,생활용품,LV-602,주방세제 리필 2입,11,6700,0,73700,N
2026-09-06,파크점,냉장 간편식,RM-101,한끼 소불고기덮밥,53,5900,21240,291460,Y
2026-09-06,파크점,냉장 간편식,RM-102,매콤 닭갈비볶음밥,46,5500,17050,235950,Y
2026-09-06,파크점,냉장 간편식,RM-103,훈제오리 샐러드랩,45,6200,18600,260400,Y
2026-09-06,파크점,냉장 간편식,RM-104,우삼겹 된장찌개,47,6800,21080,298520,Y
2026-09-06,파크점,냉장 간편식,RM-105,새우 로제파스타,51,7200,24480,342720,Y
2026-09-06,파크점,냉장 간편식,RM-106,닭가슴살 곤약비빔밥,52,5200,18200,252200,Y
2026-09-06,파크점,신선식품,FR-201,국내산 삼겹살 500g,20,13900,0,278000,N
2026-09-06,파크점,신선식품,FR-202,친환경 방울토마토,19,4900,0,93100,N
2026-09-06,파크점,신선식품,FR-203,손질 갈치 2미,18,9800,0,176400,N
2026-09-06,파크점,유제품,DR-301,1A 우유 900mL,33,3200,0,105600,N
2026-09-06,파크점,유제품,DR-302,그릭요거트 4입,31,6900,0,213900,N
2026-09-06,파크점,유제품,DR-303,체다 슬라이스 치즈,32,5400,0,172800,N
2026-09-06,파크점,가공식품,PR-401,프리미엄 즉석밥 12입,20,12900,0,258000,N
2026-09-06,파크점,가공식품,PR-402,저염 참치캔 6입,18,11500,0,207000,N
2026-09-06,파크점,가공식품,PR-403,국물용 멸치 200g,19,8900,0,169100,N
2026-09-06,파크점,음료,BV-501,탄산수 500mL 6입,24,4500,0,108000,N
2026-09-06,파크점,음료,BV-502,콜드브루 아메리카노,27,3800,0,102600,N
2026-09-06,파크점,음료,BV-503,제주 감귤주스 1L,21,5600,0,117600,N
2026-09-06,파크점,생활용품,LV-601,3겹 화장지 30롤,11,15900,0,174900,N
2026-09-06,파크점,생활용품,LV-602,주방세제 리필 2입,11,6700,0,73700,N
2026-09-07,센트럴점,냉장 간편식,RM-101,한끼 소불고기덮밥,51,5900,20060,280840,Y
2026-09-07,센트럴점,냉장 간편식,RM-102,매콤 닭갈비볶음밥,43,5500,15950,220550,Y
2026-09-07,센트럴점,냉장 간편식,RM-103,훈제오리 샐러드랩,58,6200,24180,335420,Y
2026-09-07,센트럴점,냉장 간편식,RM-104,우삼겹 된장찌개,57,6800,25840,361760,Y
2026-09-07,센트럴점,냉장 간편식,RM-105,새우 로제파스타,41,7200,19440,275760,Y
2026-09-07,센트럴점,냉장 간편식,RM-106,닭가슴살 곤약비빔밥,47,5200,16120,228280,Y
2026-09-07,센트럴점,신선식품,FR-201,국내산 삼겹살 500g,22,13900,0,305800,N
2026-09-07,센트럴점,신선식품,FR-202,친환경 방울토마토,18,4900,0,88200,N
2026-09-07,센트럴점,신선식품,FR-203,손질 갈치 2미,23,9800,0,225400,N
2026-09-07,센트럴점,유제품,DR-301,1A 우유 900mL,31,3200,0,99200,N
2026-09-07,센트럴점,유제품,DR-302,그릭요거트 4입,24,6900,0,165600,N
2026-09-07,센트럴점,유제품,DR-303,체다 슬라이스 치즈,34,5400,0,183600,N
2026-09-07,센트럴점,가공식품,PR-401,프리미엄 즉석밥 12입,19,12900,0,245100,N
2026-09-07,센트럴점,가공식품,PR-402,저염 참치캔 6입,17,11500,0,195500,N
2026-09-07,센트럴점,가공식품,PR-403,국물용 멸치 200g,16,8900,0,142400,N
2026-09-07,센트럴점,음료,BV-501,탄산수 500mL 6입,24,4500,0,108000,N
2026-09-07,센트럴점,음료,BV-502,콜드브루 아메리카노,24,3800,0,91200,N
2026-09-07,센트럴점,음료,BV-503,제주 감귤주스 1L,22,5600,0,123200,N
2026-09-07,센트럴점,생활용품,LV-601,3겹 화장지 30롤,11,15900,0,174900,N
2026-09-07,센트럴점,생활용품,LV-602,주방세제 리필 2입,13,6700,0,87100,N
2026-09-07,리버점,냉장 간편식,RM-101,한끼 소불고기덮밥,22,5900,8260,121540,Y
2026-09-07,리버점,냉장 간편식,RM-102,매콤 닭갈비볶음밥,28,5500,10450,143550,Y
2026-09-07,리버점,냉장 간편식,RM-103,훈제오리 샐러드랩,20,6200,8060,115940,Y
2026-09-07,리버점,냉장 간편식,RM-104,우삼겹 된장찌개,26,6800,11560,165240,Y
2026-09-07,리버점,냉장 간편식,RM-105,새우 로제파스타,21,7200,10080,141120,Y
2026-09-07,리버점,냉장 간편식,RM-106,닭가슴살 곤약비빔밥,26,5200,8840,126360,Y
2026-09-07,리버점,신선식품,FR-201,국내산 삼겹살 500g,13,13900,0,180700,N
2026-09-07,리버점,신선식품,FR-202,친환경 방울토마토,13,4900,0,63700,N
2026-09-07,리버점,신선식품,FR-203,손질 갈치 2미,11,9800,0,107800,N
2026-09-07,리버점,유제품,DR-301,1A 우유 900mL,16,3200,0,51200,N
2026-09-07,리버점,유제품,DR-302,그릭요거트 4입,17,6900,0,117300,N
2026-09-07,리버점,유제품,DR-303,체다 슬라이스 치즈,17,5400,0,91800,N
2026-09-07,리버점,가공식품,PR-401,프리미엄 즉석밥 12입,11,12900,0,141900,N
2026-09-07,리버점,가공식품,PR-402,저염 참치캔 6입,11,11500,0,126500,N
2026-09-07,리버점,가공식품,PR-403,국물용 멸치 200g,9,8900,0,80100,N
2026-09-07,리버점,음료,BV-501,탄산수 500mL 6입,13,4500,0,58500,N
2026-09-07,리버점,음료,BV-502,콜드브루 아메리카노,17,3800,0,64600,N
2026-09-07,리버점,음료,BV-503,제주 감귤주스 1L,13,5600,0,72800,N
2026-09-07,리버점,생활용품,LV-601,3겹 화장지 30롤,6,15900,0,95400,N
2026-09-07,리버점,생활용품,LV-602,주방세제 리필 2입,8,6700,0,53600,N
2026-09-07,파크점,냉장 간편식,RM-101,한끼 소불고기덮밥,36,5900,14160,198240,Y
2026-09-07,파크점,냉장 간편식,RM-102,매콤 닭갈비볶음밥,36,5500,13200,184800,Y
2026-09-07,파크점,냉장 간편식,RM-103,훈제오리 샐러드랩,39,6200,16120,225680,Y
2026-09-07,파크점,냉장 간편식,RM-104,우삼겹 된장찌개,29,6800,12920,184280,Y
2026-09-07,파크점,냉장 간편식,RM-105,새우 로제파스타,40,7200,19440,268560,Y
2026-09-07,파크점,냉장 간편식,RM-106,닭가슴살 곤약비빔밥,30,5200,10400,145600,Y
2026-09-07,파크점,신선식품,FR-201,국내산 삼겹살 500g,14,13900,0,194600,N
2026-09-07,파크점,신선식품,FR-202,친환경 방울토마토,13,4900,0,63700,N
2026-09-07,파크점,신선식품,FR-203,손질 갈치 2미,16,9800,0,156800,N
2026-09-07,파크점,유제품,DR-301,1A 우유 900mL,19,3200,0,60800,N
2026-09-07,파크점,유제품,DR-302,그릭요거트 4입,24,6900,0,165600,N
2026-09-07,파크점,유제품,DR-303,체다 슬라이스 치즈,19,5400,0,102600,N
2026-09-07,파크점,가공식품,PR-401,프리미엄 즉석밥 12입,13,12900,0,167700,N
2026-09-07,파크점,가공식품,PR-402,저염 참치캔 6입,13,11500,0,149500,N
2026-09-07,파크점,가공식품,PR-403,국물용 멸치 200g,12,8900,0,106800,N
2026-09-07,파크점,음료,BV-501,탄산수 500mL 6입,16,4500,0,72000,N
2026-09-07,파크점,음료,BV-502,콜드브루 아메리카노,16,3800,0,60800,N
2026-09-07,파크점,음료,BV-503,제주 감귤주스 1L,18,5600,0,100800,N
2026-09-07,파크점,생활용품,LV-601,3겹 화장지 30롤,10,15900,0,159000,N
2026-09-07,파크점,생활용품,LV-602,주방세제 리필 2입,10,6700,0,67000,N
2026-09-08,센트럴점,냉장 간편식,RM-101,한끼 소불고기덮밥,50,5900,20060,274940,Y
2026-09-08,센트럴점,냉장 간편식,RM-102,매콤 닭갈비볶음밥,41,5500,14850,210650,Y
2026-09-08,센트럴점,냉장 간편식,RM-103,훈제오리 샐러드랩,54,6200,22320,312480,Y
2026-09-08,센트럴점,냉장 간편식,RM-104,우삼겹 된장찌개,50,6800,23120,316880,Y
2026-09-08,센트럴점,냉장 간편식,RM-105,새우 로제파스타,53,7200,25920,355680,Y
2026-09-08,센트럴점,냉장 간편식,RM-106,닭가슴살 곤약비빔밥,45,5200,15600,218400,Y
2026-09-08,센트럴점,신선식품,FR-201,국내산 삼겹살 500g,20,13900,0,278000,N
2026-09-08,센트럴점,신선식품,FR-202,친환경 방울토마토,20,4900,0,98000,N
2026-09-08,센트럴점,신선식품,FR-203,손질 갈치 2미,20,9800,0,196000,N
2026-09-08,센트럴점,유제품,DR-301,1A 우유 900mL,25,3200,0,80000,N
2026-09-08,센트럴점,유제품,DR-302,그릭요거트 4입,28,6900,0,193200,N
2026-09-08,센트럴점,유제품,DR-303,체다 슬라이스 치즈,31,5400,0,167400,N
2026-09-08,센트럴점,가공식품,PR-401,프리미엄 즉석밥 12입,19,12900,0,245100,N
2026-09-08,센트럴점,가공식품,PR-402,저염 참치캔 6입,16,11500,0,184000,N
2026-09-08,센트럴점,가공식품,PR-403,국물용 멸치 200g,18,8900,0,160200,N
2026-09-08,센트럴점,음료,BV-501,탄산수 500mL 6입,24,4500,0,108000,N
2026-09-08,센트럴점,음료,BV-502,콜드브루 아메리카노,22,3800,0,83600,N
2026-09-08,센트럴점,음료,BV-503,제주 감귤주스 1L,26,5600,0,145600,N
2026-09-08,센트럴점,생활용품,LV-601,3겹 화장지 30롤,10,15900,0,159000,N
2026-09-08,센트럴점,생활용품,LV-602,주방세제 리필 2입,12,6700,0,80400,N
2026-09-08,리버점,냉장 간편식,RM-101,한끼 소불고기덮밥,22,5900,8260,121540,Y
2026-09-08,리버점,냉장 간편식,RM-102,매콤 닭갈비볶음밥,19,5500,6600,97900,Y
2026-09-08,리버점,냉장 간편식,RM-103,훈제오리 샐러드랩,23,6200,9300,133300,Y
2026-09-08,리버점,냉장 간편식,RM-104,우삼겹 된장찌개,26,6800,11560,165240,Y
2026-09-08,리버점,냉장 간편식,RM-105,새우 로제파스타,25,7200,12240,167760,Y
2026-09-08,리버점,냉장 간편식,RM-106,닭가슴살 곤약비빔밥,24,5200,8320,116480,Y
2026-09-08,리버점,신선식품,FR-201,국내산 삼겹살 500g,14,13900,0,194600,N
2026-09-08,리버점,신선식품,FR-202,친환경 방울토마토,14,4900,0,68600,N
2026-09-08,리버점,신선식품,FR-203,손질 갈치 2미,12,9800,0,117600,N
2026-09-08,리버점,유제품,DR-301,1A 우유 900mL,17,3200,0,54400,N
2026-09-08,리버점,유제품,DR-302,그릭요거트 4입,16,6900,0,110400,N
2026-09-08,리버점,유제품,DR-303,체다 슬라이스 치즈,17,5400,0,91800,N
2026-09-08,리버점,가공식품,PR-401,프리미엄 즉석밥 12입,9,12900,0,116100,N
2026-09-08,리버점,가공식품,PR-402,저염 참치캔 6입,10,11500,0,115000,N
2026-09-08,리버점,가공식품,PR-403,국물용 멸치 200g,10,8900,0,89000,N
2026-09-08,리버점,음료,BV-501,탄산수 500mL 6입,13,4500,0,58500,N
2026-09-08,리버점,음료,BV-502,콜드브루 아메리카노,15,3800,0,57000,N
2026-09-08,리버점,음료,BV-503,제주 감귤주스 1L,14,5600,0,78400,N
2026-09-08,리버점,생활용품,LV-601,3겹 화장지 30롤,6,15900,0,95400,N
2026-09-08,리버점,생활용품,LV-602,주방세제 리필 2입,7,6700,0,46900,N
2026-09-08,파크점,냉장 간편식,RM-101,한끼 소불고기덮밥,7,5900,2360,38940,Y
2026-09-08,파크점,냉장 간편식,RM-102,매콤 닭갈비볶음밥,30,5500,11000,154000,Y
2026-09-08,파크점,냉장 간편식,RM-103,훈제오리 샐러드랩,34,6200,14260,196540,Y
2026-09-08,파크점,냉장 간편식,RM-104,우삼겹 된장찌개,35,6800,15640,222360,Y
2026-09-08,파크점,냉장 간편식,RM-105,새우 로제파스타,33,7200,15840,221760,Y
2026-09-08,파크점,냉장 간편식,RM-106,닭가슴살 곤약비빔밥,28,5200,9880,135720,Y
2026-09-08,파크점,신선식품,FR-201,국내산 삼겹살 500g,15,13900,0,208500,N
2026-09-08,파크점,신선식품,FR-202,친환경 방울토마토,13,4900,0,63700,N
2026-09-08,파크점,신선식품,FR-203,손질 갈치 2미,13,9800,0,127400,N
2026-09-08,파크점,유제품,DR-301,1A 우유 900mL,23,3200,0,73600,N
2026-09-08,파크점,유제품,DR-302,그릭요거트 4입,17,6900,0,117300,N
2026-09-08,파크점,유제품,DR-303,체다 슬라이스 치즈,23,5400,0,124200,N
2026-09-08,파크점,가공식품,PR-401,프리미엄 즉석밥 12입,11,12900,0,141900,N
2026-09-08,파크점,가공식품,PR-402,저염 참치캔 6입,10,11500,0,115000,N
2026-09-08,파크점,가공식품,PR-403,국물용 멸치 200g,11,8900,0,97900,N
2026-09-08,파크점,음료,BV-501,탄산수 500mL 6입,16,4500,0,72000,N
2026-09-08,파크점,음료,BV-502,콜드브루 아메리카노,17,3800,0,64600,N
2026-09-08,파크점,음료,BV-503,제주 감귤주스 1L,16,5600,0,89600,N
2026-09-08,파크점,생활용품,LV-601,3겹 화장지 30롤,8,15900,0,127200,N
2026-09-08,파크점,생활용품,LV-602,주방세제 리필 2입,7,6700,0,46900,N
2026-09-09,센트럴점,냉장 간편식,RM-101,한끼 소불고기덮밥,60,5900,23600,330400,Y
2026-09-09,센트럴점,냉장 간편식,RM-102,매콤 닭갈비볶음밥,46,5500,17050,235950,Y
2026-09-09,센트럴점,냉장 간편식,RM-103,훈제오리 샐러드랩,57,6200,23560,329840,Y
2026-09-09,센트럴점,냉장 간편식,RM-104,우삼겹 된장찌개,51,6800,23120,323680,Y
2026-09-09,센트럴점,냉장 간편식,RM-105,새우 로제파스타,48,7200,23040,322560,Y
2026-09-09,센트럴점,냉장 간편식,RM-106,닭가슴살 곤약비빔밥,43,5200,15080,208520,Y
2026-09-09,센트럴점,신선식품,FR-201,국내산 삼겹살 500g,24,13900,0,333600,N
2026-09-09,센트럴점,신선식품,FR-202,친환경 방울토마토,23,4900,0,112700,N
2026-09-09,센트럴점,신선식품,FR-203,손질 갈치 2미,24,9800,0,235200,N
2026-09-09,센트럴점,유제품,DR-301,1A 우유 900mL,32,3200,0,102400,N
2026-09-09,센트럴점,유제품,DR-302,그릭요거트 4입,27,6900,0,186300,N
2026-09-09,센트럴점,유제품,DR-303,체다 슬라이스 치즈,35,5400,0,189000,N
2026-09-09,센트럴점,가공식품,PR-401,프리미엄 즉석밥 12입,19,12900,0,245100,N
2026-09-09,센트럴점,가공식품,PR-402,저염 참치캔 6입,17,11500,0,195500,N
2026-09-09,센트럴점,가공식품,PR-403,국물용 멸치 200g,17,8900,0,151300,N
2026-09-09,센트럴점,음료,BV-501,탄산수 500mL 6입,29,4500,0,130500,N
2026-09-09,센트럴점,음료,BV-502,콜드브루 아메리카노,28,3800,0,106400,N
2026-09-09,센트럴점,음료,BV-503,제주 감귤주스 1L,22,5600,0,123200,N
2026-09-09,센트럴점,생활용품,LV-601,3겹 화장지 30롤,12,15900,0,190800,N
2026-09-09,센트럴점,생활용품,LV-602,주방세제 리필 2입,12,6700,0,80400,N
2026-09-09,리버점,냉장 간편식,RM-101,한끼 소불고기덮밥,21,5900,8260,115640,Y
2026-09-09,리버점,냉장 간편식,RM-102,매콤 닭갈비볶음밥,20,5500,7150,102850,Y
2026-09-09,리버점,냉장 간편식,RM-103,훈제오리 샐러드랩,22,6200,8680,127720,Y
2026-09-09,리버점,냉장 간편식,RM-104,우삼겹 된장찌개,28,6800,12920,177480,Y
2026-09-09,리버점,냉장 간편식,RM-105,새우 로제파스타,28,7200,13680,187920,Y
2026-09-09,리버점,냉장 간편식,RM-106,닭가슴살 곤약비빔밥,25,5200,8840,121160,Y
2026-09-09,리버점,신선식품,FR-201,국내산 삼겹살 500g,15,13900,0,208500,N
2026-09-09,리버점,신선식품,FR-202,친환경 방울토마토,15,4900,0,73500,N
2026-09-09,리버점,신선식품,FR-203,손질 갈치 2미,14,9800,0,137200,N
2026-09-09,리버점,유제품,DR-301,1A 우유 900mL,19,3200,0,60800,N
2026-09-09,리버점,유제품,DR-302,그릭요거트 4입,19,6900,0,131100,N
2026-09-09,리버점,유제품,DR-303,체다 슬라이스 치즈,16,5400,0,86400,N
2026-09-09,리버점,가공식품,PR-401,프리미엄 즉석밥 12입,11,12900,0,141900,N
2026-09-09,리버점,가공식품,PR-402,저염 참치캔 6입,9,11500,0,103500,N
2026-09-09,리버점,가공식품,PR-403,국물용 멸치 200g,10,8900,0,89000,N
2026-09-09,리버점,음료,BV-501,탄산수 500mL 6입,14,4500,0,63000,N
2026-09-09,리버점,음료,BV-502,콜드브루 아메리카노,14,3800,0,53200,N
2026-09-09,리버점,음료,BV-503,제주 감귤주스 1L,16,5600,0,89600,N
2026-09-09,리버점,생활용품,LV-601,3겹 화장지 30롤,8,15900,0,127200,N
2026-09-09,리버점,생활용품,LV-602,주방세제 리필 2입,6,6700,0,40200,N
2026-09-09,파크점,냉장 간편식,RM-101,한끼 소불고기덮밥,36,5900,14160,198240,Y
2026-09-09,파크점,냉장 간편식,RM-102,매콤 닭갈비볶음밥,39,5500,14300,200200,Y
2026-09-09,파크점,냉장 간편식,RM-103,훈제오리 샐러드랩,39,6200,16120,225680,Y
2026-09-09,파크점,냉장 간편식,RM-104,우삼겹 된장찌개,41,6800,18360,260440,Y
2026-09-09,파크점,냉장 간편식,RM-105,새우 로제파스타,34,7200,16560,228240,Y
2026-09-09,파크점,냉장 간편식,RM-106,닭가슴살 곤약비빔밥,35,5200,11960,170040,Y
2026-09-09,파크점,신선식품,FR-201,국내산 삼겹살 500g,17,13900,0,236300,N
2026-09-09,파크점,신선식품,FR-202,친환경 방울토마토,18,4900,0,88200,N
2026-09-09,파크점,신선식품,FR-203,손질 갈치 2미,16,9800,0,156800,N
2026-09-09,파크점,유제품,DR-301,1A 우유 900mL,23,3200,0,73600,N
2026-09-09,파크점,유제품,DR-302,그릭요거트 4입,19,6900,0,131100,N
2026-09-09,파크점,유제품,DR-303,체다 슬라이스 치즈,21,5400,0,113400,N
2026-09-09,파크점,가공식품,PR-401,프리미엄 즉석밥 12입,12,12900,0,154800,N
2026-09-09,파크점,가공식품,PR-402,저염 참치캔 6입,12,11500,0,138000,N
2026-09-09,파크점,가공식품,PR-403,국물용 멸치 200g,15,8900,0,133500,N
2026-09-09,파크점,음료,BV-501,탄산수 500mL 6입,20,4500,0,90000,N
2026-09-09,파크점,음료,BV-502,콜드브루 아메리카노,18,3800,0,68400,N
2026-09-09,파크점,음료,BV-503,제주 감귤주스 1L,22,5600,0,123200,N
2026-09-09,파크점,생활용품,LV-601,3겹 화장지 30롤,10,15900,0,159000,N
2026-09-09,파크점,생활용품,LV-602,주방세제 리필 2입,10,6700,0,67000,N
2026-09-10,센트럴점,냉장 간편식,RM-101,한끼 소불고기덮밥,64,5900,25370,352230,Y
2026-09-10,센트럴점,냉장 간편식,RM-102,매콤 닭갈비볶음밥,53,5500,19800,271700,Y
2026-09-10,센트럴점,냉장 간편식,RM-103,훈제오리 샐러드랩,62,6200,26040,358360,Y
2026-09-10,센트럴점,냉장 간편식,RM-104,우삼겹 된장찌개,48,6800,21760,304640,Y
2026-09-10,센트럴점,냉장 간편식,RM-105,새우 로제파스타,64,7200,30960,429840,Y
2026-09-10,센트럴점,냉장 간편식,RM-106,닭가슴살 곤약비빔밥,60,5200,20800,291200,Y
2026-09-10,센트럴점,신선식품,FR-201,국내산 삼겹살 500g,27,13900,0,375300,N
2026-09-10,센트럴점,신선식품,FR-202,친환경 방울토마토,22,4900,0,107800,N
2026-09-10,센트럴점,신선식품,FR-203,손질 갈치 2미,21,9800,0,205800,N
2026-09-10,센트럴점,유제품,DR-301,1A 우유 900mL,28,3200,0,89600,N
2026-09-10,센트럴점,유제품,DR-302,그릭요거트 4입,30,6900,0,207000,N
2026-09-10,센트럴점,유제품,DR-303,체다 슬라이스 치즈,37,5400,0,199800,N
2026-09-10,센트럴점,가공식품,PR-401,프리미엄 즉석밥 12입,21,12900,0,270900,N
2026-09-10,센트럴점,가공식품,PR-402,저염 참치캔 6입,20,11500,0,230000,N
2026-09-10,센트럴점,가공식품,PR-403,국물용 멸치 200g,19,8900,0,169100,N
2026-09-10,센트럴점,음료,BV-501,탄산수 500mL 6입,24,4500,0,108000,N
2026-09-10,센트럴점,음료,BV-502,콜드브루 아메리카노,27,3800,0,102600,N
2026-09-10,센트럴점,음료,BV-503,제주 감귤주스 1L,29,5600,0,162400,N
2026-09-10,센트럴점,생활용품,LV-601,3겹 화장지 30롤,15,15900,0,238500,N
2026-09-10,센트럴점,생활용품,LV-602,주방세제 리필 2입,11,6700,0,73700,N
2026-09-10,리버점,냉장 간편식,RM-101,한끼 소불고기덮밥,32,5900,12390,176410,Y
2026-09-10,리버점,냉장 간편식,RM-102,매콤 닭갈비볶음밥,27,5500,9900,138600,Y
2026-09-10,리버점,냉장 간편식,RM-103,훈제오리 샐러드랩,23,6200,9300,133300,Y
2026-09-10,리버점,냉장 간편식,RM-104,우삼겹 된장찌개,27,6800,12240,171360,Y
2026-09-10,리버점,냉장 간편식,RM-105,새우 로제파스타,28,7200,13680,187920,Y
2026-09-10,리버점,냉장 간편식,RM-106,닭가슴살 곤약비빔밥,29,5200,9880,140920,Y
2026-09-10,리버점,신선식품,FR-201,국내산 삼겹살 500g,15,13900,0,208500,N
2026-09-10,리버점,신선식품,FR-202,친환경 방울토마토,15,4900,0,73500,N
2026-09-10,리버점,신선식품,FR-203,손질 갈치 2미,16,9800,0,156800,N
2026-09-10,리버점,유제품,DR-301,1A 우유 900mL,18,3200,0,57600,N
2026-09-10,리버점,유제품,DR-302,그릭요거트 4입,23,6900,0,158700,N
2026-09-10,리버점,유제품,DR-303,체다 슬라이스 치즈,17,5400,0,91800,N
2026-09-10,리버점,가공식품,PR-401,프리미엄 즉석밥 12입,12,12900,0,154800,N
2026-09-10,리버점,가공식품,PR-402,저염 참치캔 6입,14,11500,0,161000,N
2026-09-10,리버점,가공식품,PR-403,국물용 멸치 200g,13,8900,0,115700,N
2026-09-10,리버점,음료,BV-501,탄산수 500mL 6입,16,4500,0,72000,N
2026-09-10,리버점,음료,BV-502,콜드브루 아메리카노,18,3800,0,68400,N
2026-09-10,리버점,음료,BV-503,제주 감귤주스 1L,20,5600,0,112000,N
2026-09-10,리버점,생활용품,LV-601,3겹 화장지 30롤,7,15900,0,111300,N
2026-09-10,리버점,생활용품,LV-602,주방세제 리필 2입,7,6700,0,46900,N
2026-09-10,파크점,냉장 간편식,RM-101,한끼 소불고기덮밥,36,5900,14160,198240,Y
2026-09-10,파크점,냉장 간편식,RM-102,매콤 닭갈비볶음밥,40,5500,14850,205150,Y
2026-09-10,파크점,냉장 간편식,RM-103,훈제오리 샐러드랩,39,6200,16120,225680,Y
2026-09-10,파크점,냉장 간편식,RM-104,우삼겹 된장찌개,39,6800,17680,247520,Y
2026-09-10,파크점,냉장 간편식,RM-105,새우 로제파스타,35,7200,16560,235440,Y
2026-09-10,파크점,냉장 간편식,RM-106,닭가슴살 곤약비빔밥,35,5200,11960,170040,Y
2026-09-10,파크점,신선식품,FR-201,국내산 삼겹살 500g,17,13900,0,236300,N
2026-09-10,파크점,신선식품,FR-202,친환경 방울토마토,20,4900,0,98000,N
2026-09-10,파크점,신선식품,FR-203,손질 갈치 2미,18,9800,0,176400,N
2026-09-10,파크점,유제품,DR-301,1A 우유 900mL,25,3200,0,80000,N
2026-09-10,파크점,유제품,DR-302,그릭요거트 4입,21,6900,0,144900,N
2026-09-10,파크점,유제품,DR-303,체다 슬라이스 치즈,26,5400,0,140400,N
2026-09-10,파크점,가공식품,PR-401,프리미엄 즉석밥 12입,15,12900,0,193500,N
2026-09-10,파크점,가공식품,PR-402,저염 참치캔 6입,13,11500,0,149500,N
2026-09-10,파크점,가공식품,PR-403,국물용 멸치 200g,13,8900,0,115700,N
2026-09-10,파크점,음료,BV-501,탄산수 500mL 6입,21,4500,0,94500,N
2026-09-10,파크점,음료,BV-502,콜드브루 아메리카노,20,3800,0,76000,N
2026-09-10,파크점,음료,BV-503,제주 감귤주스 1L,21,5600,0,117600,N
2026-09-10,파크점,생활용품,LV-601,3겹 화장지 30롤,11,15900,0,174900,N
2026-09-10,파크점,생활용품,LV-602,주방세제 리필 2입,8,6700,0,53600,N
2026-09-11,센트럴점,냉장 간편식,RM-101,한끼 소불고기덮밥,47,5900,0,277300,N
2026-09-11,센트럴점,냉장 간편식,RM-102,매콤 닭갈비볶음밥,53,5500,0,291500,N
2026-09-11,센트럴점,냉장 간편식,RM-103,훈제오리 샐러드랩,38,6200,0,235600,N
2026-09-11,센트럴점,냉장 간편식,RM-104,우삼겹 된장찌개,42,6800,0,285600,N
2026-09-11,센트럴점,냉장 간편식,RM-105,새우 로제파스타,41,7200,0,295200,N
2026-09-11,센트럴점,냉장 간편식,RM-106,닭가슴살 곤약비빔밥,51,5200,0,265200,N
2026-09-11,센트럴점,신선식품,FR-201,국내산 삼겹살 500g,26,13900,0,361400,N
2026-09-11,센트럴점,신선식품,FR-202,친환경 방울토마토,26,4900,0,127400,N
2026-09-11,센트럴점,신선식품,FR-203,손질 갈치 2미,24,9800,0,235200,N
2026-09-11,센트럴점,유제품,DR-301,1A 우유 900mL,39,3200,0,124800,N
2026-09-11,센트럴점,유제품,DR-302,그릭요거트 4입,36,6900,0,248400,N
2026-09-11,센트럴점,유제품,DR-303,체다 슬라이스 치즈,42,5400,0,226800,N
2026-09-11,센트럴점,가공식품,PR-401,프리미엄 즉석밥 12입,24,12900,0,309600,N
2026-09-11,센트럴점,가공식품,PR-402,저염 참치캔 6입,23,11500,0,264500,N
2026-09-11,센트럴점,가공식품,PR-403,국물용 멸치 200g,26,8900,0,231400,N
2026-09-11,센트럴점,음료,BV-501,탄산수 500mL 6입,32,4500,0,144000,N
2026-09-11,센트럴점,음료,BV-502,콜드브루 아메리카노,29,3800,0,110200,N
2026-09-11,센트럴점,음료,BV-503,제주 감귤주스 1L,36,5600,0,201600,N
2026-09-11,센트럴점,생활용품,LV-601,3겹 화장지 30롤,15,15900,0,238500,N
2026-09-11,센트럴점,생활용품,LV-602,주방세제 리필 2입,16,6700,0,107200,N
2026-09-11,리버점,냉장 간편식,RM-101,한끼 소불고기덮밥,27,5900,0,159300,N
2026-09-11,리버점,냉장 간편식,RM-102,매콤 닭갈비볶음밥,30,5500,0,165000,N
2026-09-11,리버점,냉장 간편식,RM-103,훈제오리 샐러드랩,31,6200,0,192200,N
2026-09-11,리버점,냉장 간편식,RM-104,우삼겹 된장찌개,33,6800,0,224400,N
2026-09-11,리버점,냉장 간편식,RM-105,새우 로제파스타,30,7200,0,216000,N
2026-09-11,리버점,냉장 간편식,RM-106,닭가슴살 곤약비빔밥,32,5200,0,166400,N
2026-09-11,리버점,신선식품,FR-201,국내산 삼겹살 500g,19,13900,0,264100,N
2026-09-11,리버점,신선식품,FR-202,친환경 방울토마토,14,4900,0,68600,N
2026-09-11,리버점,신선식품,FR-203,손질 갈치 2미,18,9800,0,176400,N
2026-09-11,리버점,유제품,DR-301,1A 우유 900mL,27,3200,0,86400,N
2026-09-11,리버점,유제품,DR-302,그릭요거트 4입,24,6900,0,165600,N
2026-09-11,리버점,유제품,DR-303,체다 슬라이스 치즈,24,5400,0,129600,N
2026-09-11,리버점,가공식품,PR-401,프리미엄 즉석밥 12입,12,12900,0,154800,N
2026-09-11,리버점,가공식품,PR-402,저염 참치캔 6입,13,11500,0,149500,N
2026-09-11,리버점,가공식품,PR-403,국물용 멸치 200g,14,8900,0,124600,N
2026-09-11,리버점,음료,BV-501,탄산수 500mL 6입,24,4500,0,108000,N
2026-09-11,리버점,음료,BV-502,콜드브루 아메리카노,23,3800,0,87400,N
2026-09-11,리버점,음료,BV-503,제주 감귤주스 1L,18,5600,0,100800,N
2026-09-11,리버점,생활용품,LV-601,3겹 화장지 30롤,9,15900,0,143100,N
2026-09-11,리버점,생활용품,LV-602,주방세제 리필 2입,10,6700,0,67000,N
2026-09-11,파크점,냉장 간편식,RM-101,한끼 소불고기덮밥,32,5900,0,188800,N
2026-09-11,파크점,냉장 간편식,RM-102,매콤 닭갈비볶음밥,39,5500,0,214500,N
2026-09-11,파크점,냉장 간편식,RM-103,훈제오리 샐러드랩,34,6200,0,210800,N
2026-09-11,파크점,냉장 간편식,RM-104,우삼겹 된장찌개,38,6800,0,258400,N
2026-09-11,파크점,냉장 간편식,RM-105,새우 로제파스타,30,7200,0,216000,N
2026-09-11,파크점,냉장 간편식,RM-106,닭가슴살 곤약비빔밥,31,5200,0,161200,N
2026-09-11,파크점,신선식품,FR-201,국내산 삼겹살 500g,24,13900,0,333600,N
2026-09-11,파크점,신선식품,FR-202,친환경 방울토마토,19,4900,0,93100,N
2026-09-11,파크점,신선식품,FR-203,손질 갈치 2미,19,9800,0,186200,N
2026-09-11,파크점,유제품,DR-301,1A 우유 900mL,28,3200,0,89600,N
2026-09-11,파크점,유제품,DR-302,그릭요거트 4입,31,6900,0,213900,N
2026-09-11,파크점,유제품,DR-303,체다 슬라이스 치즈,29,5400,0,156600,N
2026-09-11,파크점,가공식품,PR-401,프리미엄 즉석밥 12입,16,12900,0,206400,N
2026-09-11,파크점,가공식품,PR-402,저염 참치캔 6입,18,11500,0,207000,N
2026-09-11,파크점,가공식품,PR-403,국물용 멸치 200g,17,8900,0,151300,N
2026-09-11,파크점,음료,BV-501,탄산수 500mL 6입,21,4500,0,94500,N
2026-09-11,파크점,음료,BV-502,콜드브루 아메리카노,22,3800,0,83600,N
2026-09-11,파크점,음료,BV-503,제주 감귤주스 1L,29,5600,0,162400,N
2026-09-11,파크점,생활용품,LV-601,3겹 화장지 30롤,11,15900,0,174900,N
2026-09-11,파크점,생활용품,LV-602,주방세제 리필 2입,10,6700,0,67000,N
2026-09-12,센트럴점,냉장 간편식,RM-101,한끼 소불고기덮밥,55,5900,0,324500,N
2026-09-12,센트럴점,냉장 간편식,RM-102,매콤 닭갈비볶음밥,53,5500,0,291500,N
2026-09-12,센트럴점,냉장 간편식,RM-103,훈제오리 샐러드랩,42,6200,0,260400,N
2026-09-12,센트럴점,냉장 간편식,RM-104,우삼겹 된장찌개,42,6800,0,285600,N
2026-09-12,센트럴점,냉장 간편식,RM-105,새우 로제파스타,42,7200,0,302400,N
2026-09-12,센트럴점,냉장 간편식,RM-106,닭가슴살 곤약비빔밥,54,5200,0,280800,N
2026-09-12,센트럴점,신선식품,FR-201,국내산 삼겹살 500g,28,13900,0,389200,N
2026-09-12,센트럴점,신선식품,FR-202,친환경 방울토마토,25,4900,0,122500,N
2026-09-12,센트럴점,신선식품,FR-203,손질 갈치 2미,36,9800,0,352800,N
2026-09-12,센트럴점,유제품,DR-301,1A 우유 900mL,47,3200,0,150400,N
2026-09-12,센트럴점,유제품,DR-302,그릭요거트 4입,46,6900,0,317400,N
2026-09-12,센트럴점,유제품,DR-303,체다 슬라이스 치즈,40,5400,0,216000,N
2026-09-12,센트럴점,가공식품,PR-401,프리미엄 즉석밥 12입,28,12900,0,361200,N
2026-09-12,센트럴점,가공식품,PR-402,저염 참치캔 6입,28,11500,0,322000,N
2026-09-12,센트럴점,가공식품,PR-403,국물용 멸치 200g,29,8900,0,258100,N
2026-09-12,센트럴점,음료,BV-501,탄산수 500mL 6입,38,4500,0,171000,N
2026-09-12,센트럴점,음료,BV-502,콜드브루 아메리카노,37,3800,0,140600,N
2026-09-12,센트럴점,음료,BV-503,제주 감귤주스 1L,34,5600,0,190400,N
2026-09-12,센트럴점,생활용품,LV-601,3겹 화장지 30롤,14,15900,0,222600,N
2026-09-12,센트럴점,생활용품,LV-602,주방세제 리필 2입,20,6700,0,134000,N
2026-09-12,리버점,냉장 간편식,RM-101,한끼 소불고기덮밥,31,5900,0,182900,N
2026-09-12,리버점,냉장 간편식,RM-102,매콤 닭갈비볶음밥,36,5500,0,198000,N
2026-09-12,리버점,냉장 간편식,RM-103,훈제오리 샐러드랩,37,6200,0,229400,N
2026-09-12,리버점,냉장 간편식,RM-104,우삼겹 된장찌개,34,6800,0,231200,N
2026-09-12,리버점,냉장 간편식,RM-105,새우 로제파스타,34,7200,0,244800,N
2026-09-12,리버점,냉장 간편식,RM-106,닭가슴살 곤약비빔밥,31,5200,0,161200,N
2026-09-12,리버점,신선식품,FR-201,국내산 삼겹살 500g,20,13900,0,278000,N
2026-09-12,리버점,신선식품,FR-202,친환경 방울토마토,20,4900,0,98000,N
2026-09-12,리버점,신선식품,FR-203,손질 갈치 2미,19,9800,0,186200,N
2026-09-12,리버점,유제품,DR-301,1A 우유 900mL,23,3200,0,73600,N
2026-09-12,리버점,유제품,DR-302,그릭요거트 4입,26,6900,0,179400,N
2026-09-12,리버점,유제품,DR-303,체다 슬라이스 치즈,28,5400,0,151200,N
2026-09-12,리버점,가공식품,PR-401,프리미엄 즉석밥 12입,15,12900,0,193500,N
2026-09-12,리버점,가공식품,PR-402,저염 참치캔 6입,17,11500,0,195500,N
2026-09-12,리버점,가공식품,PR-403,국물용 멸치 200g,16,8900,0,142400,N
2026-09-12,리버점,음료,BV-501,탄산수 500mL 6입,21,4500,0,94500,N
2026-09-12,리버점,음료,BV-502,콜드브루 아메리카노,20,3800,0,76000,N
2026-09-12,리버점,음료,BV-503,제주 감귤주스 1L,21,5600,0,117600,N
2026-09-12,리버점,생활용품,LV-601,3겹 화장지 30롤,10,15900,0,159000,N
2026-09-12,리버점,생활용품,LV-602,주방세제 리필 2입,10,6700,0,67000,N
2026-09-12,파크점,냉장 간편식,RM-101,한끼 소불고기덮밥,38,5900,0,224200,N
2026-09-12,파크점,냉장 간편식,RM-102,매콤 닭갈비볶음밥,33,5500,0,181500,N
2026-09-12,파크점,냉장 간편식,RM-103,훈제오리 샐러드랩,36,6200,0,223200,N
2026-09-12,파크점,냉장 간편식,RM-104,우삼겹 된장찌개,42,6800,0,285600,N
2026-09-12,파크점,냉장 간편식,RM-105,새우 로제파스타,40,7200,0,288000,N
2026-09-12,파크점,냉장 간편식,RM-106,닭가슴살 곤약비빔밥,44,5200,0,228800,N
2026-09-12,파크점,신선식품,FR-201,국내산 삼겹살 500g,23,13900,0,319700,N
2026-09-12,파크점,신선식품,FR-202,친환경 방울토마토,26,4900,0,127400,N
2026-09-12,파크점,신선식품,FR-203,손질 갈치 2미,22,9800,0,215600,N
2026-09-12,파크점,유제품,DR-301,1A 우유 900mL,28,3200,0,89600,N
2026-09-12,파크점,유제품,DR-302,그릭요거트 4입,28,6900,0,193200,N
2026-09-12,파크점,유제품,DR-303,체다 슬라이스 치즈,34,5400,0,183600,N
2026-09-12,파크점,가공식품,PR-401,프리미엄 즉석밥 12입,18,12900,0,232200,N
2026-09-12,파크점,가공식품,PR-402,저염 참치캔 6입,20,11500,0,230000,N
2026-09-12,파크점,가공식품,PR-403,국물용 멸치 200g,16,8900,0,142400,N
2026-09-12,파크점,음료,BV-501,탄산수 500mL 6입,26,4500,0,117000,N
2026-09-12,파크점,음료,BV-502,콜드브루 아메리카노,24,3800,0,91200,N
2026-09-12,파크점,음료,BV-503,제주 감귤주스 1L,26,5600,0,145600,N
2026-09-12,파크점,생활용품,LV-601,3겹 화장지 30롤,14,15900,0,222600,N
2026-09-12,파크점,생활용품,LV-602,주방세제 리필 2입,13,6700,0,87100,N
2026-09-13,센트럴점,냉장 간편식,RM-101,한끼 소불고기덮밥,41,5900,0,241900,N
2026-09-13,센트럴점,냉장 간편식,RM-102,매콤 닭갈비볶음밥,41,5500,0,225500,N
2026-09-13,센트럴점,냉장 간편식,RM-103,훈제오리 샐러드랩,42,6200,0,260400,N
2026-09-13,센트럴점,냉장 간편식,RM-104,우삼겹 된장찌개,37,6800,0,251600,N
2026-09-13,센트럴점,냉장 간편식,RM-105,새우 로제파스타,36,7200,0,259200,N
2026-09-13,센트럴점,냉장 간편식,RM-106,닭가슴살 곤약비빔밥,51,5200,0,265200,N
2026-09-13,센트럴점,신선식품,FR-201,국내산 삼겹살 500g,27,13900,0,375300,N
2026-09-13,센트럴점,신선식품,FR-202,친환경 방울토마토,29,4900,0,142100,N
2026-09-13,센트럴점,신선식품,FR-203,손질 갈치 2미,23,9800,0,225400,N
2026-09-13,센트럴점,유제품,DR-301,1A 우유 900mL,37,3200,0,118400,N
2026-09-13,센트럴점,유제품,DR-302,그릭요거트 4입,39,6900,0,269100,N
2026-09-13,센트럴점,유제품,DR-303,체다 슬라이스 치즈,35,5400,0,189000,N
2026-09-13,센트럴점,가공식품,PR-401,프리미엄 즉석밥 12입,20,12900,0,258000,N
2026-09-13,센트럴점,가공식품,PR-402,저염 참치캔 6입,20,11500,0,230000,N
2026-09-13,센트럴점,가공식품,PR-403,국물용 멸치 200g,23,8900,0,204700,N
2026-09-13,센트럴점,음료,BV-501,탄산수 500mL 6입,31,4500,0,139500,N
2026-09-13,센트럴점,음료,BV-502,콜드브루 아메리카노,29,3800,0,110200,N
2026-09-13,센트럴점,음료,BV-503,제주 감귤주스 1L,35,5600,0,196000,N
2026-09-13,센트럴점,생활용품,LV-601,3겹 화장지 30롤,15,15900,0,238500,N
2026-09-13,센트럴점,생활용품,LV-602,주방세제 리필 2입,17,6700,0,113900,N
2026-09-13,리버점,냉장 간편식,RM-101,한끼 소불고기덮밥,31,5900,0,182900,N
2026-09-13,리버점,냉장 간편식,RM-102,매콤 닭갈비볶음밥,28,5500,0,154000,N
2026-09-13,리버점,냉장 간편식,RM-103,훈제오리 샐러드랩,28,6200,0,173600,N
2026-09-13,리버점,냉장 간편식,RM-104,우삼겹 된장찌개,31,6800,0,210800,N
2026-09-13,리버점,냉장 간편식,RM-105,새우 로제파스타,30,7200,0,216000,N
2026-09-13,리버점,냉장 간편식,RM-106,닭가슴살 곤약비빔밥,27,5200,0,140400,N
2026-09-13,리버점,신선식품,FR-201,국내산 삼겹살 500g,19,13900,0,264100,N
2026-09-13,리버점,신선식품,FR-202,친환경 방울토마토,16,4900,0,78400,N
2026-09-13,리버점,신선식품,FR-203,손질 갈치 2미,18,9800,0,176400,N
2026-09-13,리버점,유제품,DR-301,1A 우유 900mL,20,3200,0,64000,N
2026-09-13,리버점,유제품,DR-302,그릭요거트 4입,24,6900,0,165600,N
2026-09-13,리버점,유제품,DR-303,체다 슬라이스 치즈,25,5400,0,135000,N
2026-09-13,리버점,가공식품,PR-401,프리미엄 즉석밥 12입,13,12900,0,167700,N
2026-09-13,리버점,가공식품,PR-402,저염 참치캔 6입,13,11500,0,149500,N
2026-09-13,리버점,가공식품,PR-403,국물용 멸치 200g,16,8900,0,142400,N
2026-09-13,리버점,음료,BV-501,탄산수 500mL 6입,19,4500,0,85500,N
2026-09-13,리버점,음료,BV-502,콜드브루 아메리카노,16,3800,0,60800,N
2026-09-13,리버점,음료,BV-503,제주 감귤주스 1L,19,5600,0,106400,N
2026-09-13,리버점,생활용품,LV-601,3겹 화장지 30롤,9,15900,0,143100,N
2026-09-13,리버점,생활용품,LV-602,주방세제 리필 2입,10,6700,0,67000,N
2026-09-13,파크점,냉장 간편식,RM-101,한끼 소불고기덮밥,28,5900,0,165200,N
2026-09-13,파크점,냉장 간편식,RM-102,매콤 닭갈비볶음밥,28,5500,0,154000,N
2026-09-13,파크점,냉장 간편식,RM-103,훈제오리 샐러드랩,31,6200,0,192200,N
2026-09-13,파크점,냉장 간편식,RM-104,우삼겹 된장찌개,34,6800,0,231200,N
2026-09-13,파크점,냉장 간편식,RM-105,새우 로제파스타,30,7200,0,216000,N
2026-09-13,파크점,냉장 간편식,RM-106,닭가슴살 곤약비빔밥,37,5200,0,192400,N
2026-09-13,파크점,신선식품,FR-201,국내산 삼겹살 500g,19,13900,0,264100,N
2026-09-13,파크점,신선식품,FR-202,친환경 방울토마토,20,4900,0,98000,N
2026-09-13,파크점,신선식품,FR-203,손질 갈치 2미,20,9800,0,196000,N
2026-09-13,파크점,유제품,DR-301,1A 우유 900mL,27,3200,0,86400,N
2026-09-13,파크점,유제품,DR-302,그릭요거트 4입,24,6900,0,165600,N
2026-09-13,파크점,유제품,DR-303,체다 슬라이스 치즈,25,5400,0,135000,N
2026-09-13,파크점,가공식품,PR-401,프리미엄 즉석밥 12입,14,12900,0,180600,N
2026-09-13,파크점,가공식품,PR-402,저염 참치캔 6입,18,11500,0,207000,N
2026-09-13,파크점,가공식품,PR-403,국물용 멸치 200g,15,8900,0,133500,N
2026-09-13,파크점,음료,BV-501,탄산수 500mL 6입,20,4500,0,90000,N
2026-09-13,파크점,음료,BV-502,콜드브루 아메리카노,25,3800,0,95000,N
2026-09-13,파크점,음료,BV-503,제주 감귤주스 1L,27,5600,0,151200,N
2026-09-13,파크점,생활용품,LV-601,3겹 화장지 30롤,12,15900,0,190800,N
2026-09-13,파크점,생활용품,LV-602,주방세제 리필 2입,10,6700,0,67000,N
2026-09-14,센트럴점,냉장 간편식,RM-101,한끼 소불고기덮밥,35,5900,0,206500,N
2026-09-14,센트럴점,냉장 간편식,RM-102,매콤 닭갈비볶음밥,29,5500,0,159500,N
2026-09-14,센트럴점,냉장 간편식,RM-103,훈제오리 샐러드랩,34,6200,0,210800,N
2026-09-14,센트럴점,냉장 간편식,RM-104,우삼겹 된장찌개,35,6800,0,238000,N
2026-09-14,센트럴점,냉장 간편식,RM-105,새우 로제파스타,33,7200,0,237600,N
2026-09-14,센트럴점,냉장 간편식,RM-106,닭가슴살 곤약비빔밥,32,5200,0,166400,N
2026-09-14,센트럴점,신선식품,FR-201,국내산 삼겹살 500g,23,13900,0,319700,N
2026-09-14,센트럴점,신선식품,FR-202,친환경 방울토마토,22,4900,0,107800,N
2026-09-14,센트럴점,신선식품,FR-203,손질 갈치 2미,19,9800,0,186200,N
2026-09-14,센트럴점,유제품,DR-301,1A 우유 900mL,29,3200,0,92800,N
2026-09-14,센트럴점,유제품,DR-302,그릭요거트 4입,28,6900,0,193200,N
2026-09-14,센트럴점,유제품,DR-303,체다 슬라이스 치즈,30,5400,0,162000,N
2026-09-14,센트럴점,가공식품,PR-401,프리미엄 즉석밥 12입,20,12900,0,258000,N
2026-09-14,센트럴점,가공식품,PR-402,저염 참치캔 6입,15,11500,0,172500,N
2026-09-14,센트럴점,가공식품,PR-403,국물용 멸치 200g,18,8900,0,160200,N
2026-09-14,센트럴점,음료,BV-501,탄산수 500mL 6입,26,4500,0,117000,N
2026-09-14,센트럴점,음료,BV-502,콜드브루 아메리카노,21,3800,0,79800,N
2026-09-14,센트럴점,음료,BV-503,제주 감귤주스 1L,20,5600,0,112000,N
2026-09-14,센트럴점,생활용품,LV-601,3겹 화장지 30롤,12,15900,0,190800,N
2026-09-14,센트럴점,생활용품,LV-602,주방세제 리필 2입,11,6700,0,73700,N
2026-09-14,리버점,냉장 간편식,RM-101,한끼 소불고기덮밥,17,5900,0,100300,N
2026-09-14,리버점,냉장 간편식,RM-102,매콤 닭갈비볶음밥,18,5500,0,99000,N
2026-09-14,리버점,냉장 간편식,RM-103,훈제오리 샐러드랩,17,6200,0,105400,N
2026-09-14,리버점,냉장 간편식,RM-104,우삼겹 된장찌개,24,6800,0,163200,N
2026-09-14,리버점,냉장 간편식,RM-105,새우 로제파스타,21,7200,0,151200,N
2026-09-14,리버점,냉장 간편식,RM-106,닭가슴살 곤약비빔밥,18,5200,0,93600,N
2026-09-14,리버점,신선식품,FR-201,국내산 삼겹살 500g,12,13900,0,166800,N
2026-09-14,리버점,신선식품,FR-202,친환경 방울토마토,14,4900,0,68600,N
2026-09-14,리버점,신선식품,FR-203,손질 갈치 2미,13,9800,0,127400,N
2026-09-14,리버점,유제품,DR-301,1A 우유 900mL,20,3200,0,64000,N
2026-09-14,리버점,유제품,DR-302,그릭요거트 4입,20,6900,0,138000,N
2026-09-14,리버점,유제품,DR-303,체다 슬라이스 치즈,18,5400,0,97200,N
2026-09-14,리버점,가공식품,PR-401,프리미엄 즉석밥 12입,11,12900,0,141900,N
2026-09-14,리버점,가공식품,PR-402,저염 참치캔 6입,11,11500,0,126500,N
2026-09-14,리버점,가공식품,PR-403,국물용 멸치 200g,11,8900,0,97900,N
2026-09-14,리버점,음료,BV-501,탄산수 500mL 6입,17,4500,0,76500,N
2026-09-14,리버점,음료,BV-502,콜드브루 아메리카노,13,3800,0,49400,N
2026-09-14,리버점,음료,BV-503,제주 감귤주스 1L,14,5600,0,78400,N
2026-09-14,리버점,생활용품,LV-601,3겹 화장지 30롤,7,15900,0,111300,N
2026-09-14,리버점,생활용품,LV-602,주방세제 리필 2입,6,6700,0,40200,N
2026-09-14,파크점,냉장 간편식,RM-101,한끼 소불고기덮밥,22,5900,0,129800,N
2026-09-14,파크점,냉장 간편식,RM-102,매콤 닭갈비볶음밥,25,5500,0,137500,N
2026-09-14,파크점,냉장 간편식,RM-103,훈제오리 샐러드랩,25,6200,0,155000,N
2026-09-14,파크점,냉장 간편식,RM-104,우삼겹 된장찌개,25,6800,0,170000,N
2026-09-14,파크점,냉장 간편식,RM-105,새우 로제파스타,26,7200,0,187200,N
2026-09-14,파크점,냉장 간편식,RM-106,닭가슴살 곤약비빔밥,26,5200,0,135200,N
2026-09-14,파크점,신선식품,FR-201,국내산 삼겹살 500g,17,13900,0,236300,N
2026-09-14,파크점,신선식품,FR-202,친환경 방울토마토,14,4900,0,68600,N
2026-09-14,파크점,신선식품,FR-203,손질 갈치 2미,15,9800,0,147000,N
2026-09-14,파크점,유제품,DR-301,1A 우유 900mL,23,3200,0,73600,N
2026-09-14,파크점,유제품,DR-302,그릭요거트 4입,17,6900,0,117300,N
2026-09-14,파크점,유제품,DR-303,체다 슬라이스 치즈,19,5400,0,102600,N
2026-09-14,파크점,가공식품,PR-401,프리미엄 즉석밥 12입,14,12900,0,180600,N
2026-09-14,파크점,가공식품,PR-402,저염 참치캔 6입,11,11500,0,126500,N
2026-09-14,파크점,가공식품,PR-403,국물용 멸치 200g,12,8900,0,106800,N
2026-09-14,파크점,음료,BV-501,탄산수 500mL 6입,17,4500,0,76500,N
2026-09-14,파크점,음료,BV-502,콜드브루 아메리카노,21,3800,0,79800,N
2026-09-14,파크점,음료,BV-503,제주 감귤주스 1L,17,5600,0,95200,N
2026-09-14,파크점,생활용품,LV-601,3겹 화장지 30롤,7,15900,0,111300,N
2026-09-14,파크점,생활용품,LV-602,주방세제 리필 2입,8,6700,0,53600,N
2026-09-15,센트럴점,냉장 간편식,RM-101,한끼 소불고기덮밥,34,5900,0,200600,N
2026-09-15,센트럴점,냉장 간편식,RM-102,매콤 닭갈비볶음밥,32,5500,0,176000,N
2026-09-15,센트럴점,냉장 간편식,RM-103,훈제오리 샐러드랩,29,6200,0,179800,N
2026-09-15,센트럴점,냉장 간편식,RM-104,우삼겹 된장찌개,26,6800,0,176800,N
2026-09-15,센트럴점,냉장 간편식,RM-105,새우 로제파스타,33,7200,0,237600,N
2026-09-15,센트럴점,냉장 간편식,RM-106,닭가슴살 곤약비빔밥,27,5200,0,140400,N
2026-09-15,센트럴점,신선식품,FR-201,국내산 삼겹살 500g,16,13900,0,222400,N
2026-09-15,센트럴점,신선식품,FR-202,친환경 방울토마토,17,4900,0,83300,N
2026-09-15,센트럴점,신선식품,FR-203,손질 갈치 2미,21,9800,0,205800,N
2026-09-15,센트럴점,유제품,DR-301,1A 우유 900mL,24,3200,0,76800,N
2026-09-15,센트럴점,유제품,DR-302,그릭요거트 4입,24,6900,0,165600,N
2026-09-15,센트럴점,유제품,DR-303,체다 슬라이스 치즈,25,5400,0,135000,N
2026-09-15,센트럴점,가공식품,PR-401,프리미엄 즉석밥 12입,16,12900,0,206400,N
2026-09-15,센트럴점,가공식품,PR-402,저염 참치캔 6입,18,11500,0,207000,N
2026-09-15,센트럴점,가공식품,PR-403,국물용 멸치 200g,16,8900,0,142400,N
2026-09-15,센트럴점,음료,BV-501,탄산수 500mL 6입,19,4500,0,85500,N
2026-09-15,센트럴점,음료,BV-502,콜드브루 아메리카노,23,3800,0,87400,N
2026-09-15,센트럴점,음료,BV-503,제주 감귤주스 1L,25,5600,0,140000,N
2026-09-15,센트럴점,생활용품,LV-601,3겹 화장지 30롤,10,15900,0,159000,N
2026-09-15,센트럴점,생활용품,LV-602,주방세제 리필 2입,12,6700,0,80400,N
2026-09-15,리버점,냉장 간편식,RM-101,한끼 소불고기덮밥,20,5900,0,118000,N
2026-09-15,리버점,냉장 간편식,RM-102,매콤 닭갈비볶음밥,19,5500,0,104500,N
2026-09-15,리버점,냉장 간편식,RM-103,훈제오리 샐러드랩,21,6200,0,130200,N
2026-09-15,리버점,냉장 간편식,RM-104,우삼겹 된장찌개,22,6800,0,149600,N
2026-09-15,리버점,냉장 간편식,RM-105,새우 로제파스타,17,7200,0,122400,N
2026-09-15,리버점,냉장 간편식,RM-106,닭가슴살 곤약비빔밥,21,5200,0,109200,N
2026-09-15,리버점,신선식품,FR-201,국내산 삼겹살 500g,13,13900,0,180700,N
2026-09-15,리버점,신선식품,FR-202,친환경 방울토마토,12,4900,0,58800,N
2026-09-15,리버점,신선식품,FR-203,손질 갈치 2미,11,9800,0,107800,N
2026-09-15,리버점,유제품,DR-301,1A 우유 900mL,14,3200,0,44800,N
2026-09-15,리버점,유제품,DR-302,그릭요거트 4입,17,6900,0,117300,N
2026-09-15,리버점,유제품,DR-303,체다 슬라이스 치즈,16,5400,0,86400,N
2026-09-15,리버점,가공식품,PR-401,프리미엄 즉석밥 12입,10,12900,0,129000,N
2026-09-15,리버점,가공식품,PR-402,저염 참치캔 6입,9,11500,0,103500,N
2026-09-15,리버점,가공식품,PR-403,국물용 멸치 200g,8,8900,0,71200,N
2026-09-15,리버점,음료,BV-501,탄산수 500mL 6입,15,4500,0,67500,N
2026-09-15,리버점,음료,BV-502,콜드브루 아메리카노,16,3800,0,60800,N
2026-09-15,리버점,음료,BV-503,제주 감귤주스 1L,12,5600,0,67200,N
2026-09-15,리버점,생활용품,LV-601,3겹 화장지 30롤,6,15900,0,95400,N
2026-09-15,리버점,생활용품,LV-602,주방세제 리필 2입,6,6700,0,40200,N
2026-09-15,파크점,냉장 간편식,RM-101,한끼 소불고기덮밥,21,5900,0,123900,N
2026-09-15,파크점,냉장 간편식,RM-102,매콤 닭갈비볶음밥,26,5500,0,143000,N
2026-09-15,파크점,냉장 간편식,RM-103,훈제오리 샐러드랩,21,6200,0,130200,N
2026-09-15,파크점,냉장 간편식,RM-104,우삼겹 된장찌개,25,6800,0,170000,N
2026-09-15,파크점,냉장 간편식,RM-105,새우 로제파스타,24,7200,0,172800,N
2026-09-15,파크점,냉장 간편식,RM-106,닭가슴살 곤약비빔밥,25,5200,0,130000,N
2026-09-15,파크점,신선식품,FR-201,국내산 삼겹살 500g,15,13900,0,208500,N
2026-09-15,파크점,신선식품,FR-202,친환경 방울토마토,14,4900,0,68600,N
2026-09-15,파크점,신선식품,FR-203,손질 갈치 2미,15,9800,0,147000,N
2026-09-15,파크점,유제품,DR-301,1A 우유 900mL,21,3200,0,67200,N
2026-09-15,파크점,유제품,DR-302,그릭요거트 4입,18,6900,0,124200,N
2026-09-15,파크점,유제품,DR-303,체다 슬라이스 치즈,16,5400,0,86400,N
2026-09-15,파크점,가공식품,PR-401,프리미엄 즉석밥 12입,13,12900,0,167700,N
2026-09-15,파크점,가공식품,PR-402,저염 참치캔 6입,13,11500,0,149500,N
2026-09-15,파크점,가공식품,PR-403,국물용 멸치 200g,12,8900,0,106800,N
2026-09-15,파크점,음료,BV-501,탄산수 500mL 6입,15,4500,0,67500,N
2026-09-15,파크점,음료,BV-502,콜드브루 아메리카노,15,3800,0,57000,N
2026-09-15,파크점,음료,BV-503,제주 감귤주스 1L,15,5600,0,84000,N
2026-09-15,파크점,생활용품,LV-601,3겹 화장지 30롤,8,15900,0,127200,N
2026-09-15,파크점,생활용품,LV-602,주방세제 리필 2입,7,6700,0,46900,N
2026-09-16,센트럴점,냉장 간편식,RM-101,한끼 소불고기덮밥,30,5900,0,177000,N
2026-09-16,센트럴점,냉장 간편식,RM-102,매콤 닭갈비볶음밥,38,5500,0,209000,N
2026-09-16,센트럴점,냉장 간편식,RM-103,훈제오리 샐러드랩,37,6200,0,229400,N
2026-09-16,센트럴점,냉장 간편식,RM-104,우삼겹 된장찌개,38,6800,0,258400,N
2026-09-16,센트럴점,냉장 간편식,RM-105,새우 로제파스타,34,7200,0,244800,N
2026-09-16,센트럴점,냉장 간편식,RM-106,닭가슴살 곤약비빔밥,39,5200,0,202800,N
2026-09-16,센트럴점,신선식품,FR-201,국내산 삼겹살 500g,24,13900,0,333600,N
2026-09-16,센트럴점,신선식품,FR-202,친환경 방울토마토,19,4900,0,93100,N
2026-09-16,센트럴점,신선식품,FR-203,손질 갈치 2미,18,9800,0,176400,N
2026-09-16,센트럴점,유제품,DR-301,1A 우유 900mL,33,3200,0,105600,N
2026-09-16,센트럴점,유제품,DR-302,그릭요거트 4입,33,6900,0,227700,N
2026-09-16,센트럴점,유제품,DR-303,체다 슬라이스 치즈,28,5400,0,151200,N
2026-09-16,센트럴점,가공식품,PR-401,프리미엄 즉석밥 12입,18,12900,0,232200,N
2026-09-16,센트럴점,가공식품,PR-402,저염 참치캔 6입,18,11500,0,207000,N
2026-09-16,센트럴점,가공식품,PR-403,국물용 멸치 200g,15,8900,0,133500,N
2026-09-16,센트럴점,음료,BV-501,탄산수 500mL 6입,26,4500,0,117000,N
2026-09-16,센트럴점,음료,BV-502,콜드브루 아메리카노,27,3800,0,102600,N
2026-09-16,센트럴점,음료,BV-503,제주 감귤주스 1L,29,5600,0,162400,N
2026-09-16,센트럴점,생활용품,LV-601,3겹 화장지 30롤,11,15900,0,174900,N
2026-09-16,센트럴점,생활용품,LV-602,주방세제 리필 2입,11,6700,0,73700,N
2026-09-16,리버점,냉장 간편식,RM-101,한끼 소불고기덮밥,18,5900,0,106200,N
2026-09-16,리버점,냉장 간편식,RM-102,매콤 닭갈비볶음밥,19,5500,0,104500,N
2026-09-16,리버점,냉장 간편식,RM-103,훈제오리 샐러드랩,23,6200,0,142600,N
2026-09-16,리버점,냉장 간편식,RM-104,우삼겹 된장찌개,18,6800,0,122400,N
2026-09-16,리버점,냉장 간편식,RM-105,새우 로제파스타,20,7200,0,144000,N
2026-09-16,리버점,냉장 간편식,RM-106,닭가슴살 곤약비빔밥,19,5200,0,98800,N
2026-09-16,리버점,신선식품,FR-201,국내산 삼겹살 500g,11,13900,0,152900,N
2026-09-16,리버점,신선식품,FR-202,친환경 방울토마토,12,4900,0,58800,N
2026-09-16,리버점,신선식품,FR-203,손질 갈치 2미,12,9800,0,117600,N
2026-09-16,리버점,유제품,DR-301,1A 우유 900mL,17,3200,0,54400,N
2026-09-16,리버점,유제품,DR-302,그릭요거트 4입,19,6900,0,131100,N
2026-09-16,리버점,유제품,DR-303,체다 슬라이스 치즈,20,5400,0,108000,N
2026-09-16,리버점,가공식품,PR-401,프리미엄 즉석밥 12입,9,12900,0,116100,N
2026-09-16,리버점,가공식품,PR-402,저염 참치캔 6입,11,11500,0,126500,N
2026-09-16,리버점,가공식품,PR-403,국물용 멸치 200g,10,8900,0,89000,N
2026-09-16,리버점,음료,BV-501,탄산수 500mL 6입,15,4500,0,67500,N
2026-09-16,리버점,음료,BV-502,콜드브루 아메리카노,17,3800,0,64600,N
2026-09-16,리버점,음료,BV-503,제주 감귤주스 1L,17,5600,0,95200,N
2026-09-16,리버점,생활용품,LV-601,3겹 화장지 30롤,8,15900,0,127200,N
2026-09-16,리버점,생활용품,LV-602,주방세제 리필 2입,6,6700,0,40200,N
2026-09-16,파크점,냉장 간편식,RM-101,한끼 소불고기덮밥,28,5900,0,165200,N
2026-09-16,파크점,냉장 간편식,RM-102,매콤 닭갈비볶음밥,24,5500,0,132000,N
2026-09-16,파크점,냉장 간편식,RM-103,훈제오리 샐러드랩,21,6200,0,130200,N
2026-09-16,파크점,냉장 간편식,RM-104,우삼겹 된장찌개,29,6800,0,197200,N
2026-09-16,파크점,냉장 간편식,RM-105,새우 로제파스타,24,7200,0,172800,N
2026-09-16,파크점,냉장 간편식,RM-106,닭가슴살 곤약비빔밥,22,5200,0,114400,N
2026-09-16,파크점,신선식품,FR-201,국내산 삼겹살 500g,16,13900,0,222400,N
2026-09-16,파크점,신선식품,FR-202,친환경 방울토마토,14,4900,0,68600,N
2026-09-16,파크점,신선식품,FR-203,손질 갈치 2미,18,9800,0,176400,N
2026-09-16,파크점,유제품,DR-301,1A 우유 900mL,22,3200,0,70400,N
2026-09-16,파크점,유제품,DR-302,그릭요거트 4입,17,6900,0,117300,N
2026-09-16,파크점,유제품,DR-303,체다 슬라이스 치즈,22,5400,0,118800,N
2026-09-16,파크점,가공식품,PR-401,프리미엄 즉석밥 12입,15,12900,0,193500,N
2026-09-16,파크점,가공식품,PR-402,저염 참치캔 6입,15,11500,0,172500,N
2026-09-16,파크점,가공식품,PR-403,국물용 멸치 200g,11,8900,0,97900,N
2026-09-16,파크점,음료,BV-501,탄산수 500mL 6입,17,4500,0,76500,N
2026-09-16,파크점,음료,BV-502,콜드브루 아메리카노,19,3800,0,72200,N
2026-09-16,파크점,음료,BV-503,제주 감귤주스 1L,21,5600,0,117600,N
2026-09-16,파크점,생활용품,LV-601,3겹 화장지 30롤,9,15900,0,143100,N
2026-09-16,파크점,생활용품,LV-602,주방세제 리필 2입,7,6700,0,46900,N
2026-09-17,센트럴점,냉장 간편식,RM-101,한끼 소불고기덮밥,31,5900,0,182900,N
2026-09-17,센트럴점,냉장 간편식,RM-102,매콤 닭갈비볶음밥,30,5500,0,165000,N
2026-09-17,센트럴점,냉장 간편식,RM-103,훈제오리 샐러드랩,35,6200,0,217000,N
2026-09-17,센트럴점,냉장 간편식,RM-104,우삼겹 된장찌개,38,6800,0,258400,N
2026-09-17,센트럴점,냉장 간편식,RM-105,새우 로제파스타,35,7200,0,252000,N
2026-09-17,센트럴점,냉장 간편식,RM-106,닭가슴살 곤약비빔밥,33,5200,0,171600,N
2026-09-17,센트럴점,신선식품,FR-201,국내산 삼겹살 500g,19,13900,0,264100,N
2026-09-17,센트럴점,신선식품,FR-202,친환경 방울토마토,22,4900,0,107800,N
2026-09-17,센트럴점,신선식품,FR-203,손질 갈치 2미,20,9800,0,196000,N
2026-09-17,센트럴점,유제품,DR-301,1A 우유 900mL,27,3200,0,86400,N
2026-09-17,센트럴점,유제품,DR-302,그릭요거트 4입,32,6900,0,220800,N
2026-09-17,센트럴점,유제품,DR-303,체다 슬라이스 치즈,34,5400,0,183600,N
2026-09-17,센트럴점,가공식품,PR-401,프리미엄 즉석밥 12입,21,12900,0,270900,N
2026-09-17,센트럴점,가공식품,PR-402,저염 참치캔 6입,15,11500,0,172500,N
2026-09-17,센트럴점,가공식품,PR-403,국물용 멸치 200g,17,8900,0,151300,N
2026-09-17,센트럴점,음료,BV-501,탄산수 500mL 6입,24,4500,0,108000,N
2026-09-17,센트럴점,음료,BV-502,콜드브루 아메리카노,23,3800,0,87400,N
2026-09-17,센트럴점,음료,BV-503,제주 감귤주스 1L,23,5600,0,128800,N
2026-09-17,센트럴점,생활용품,LV-601,3겹 화장지 30롤,12,15900,0,190800,N
2026-09-17,센트럴점,생활용품,LV-602,주방세제 리필 2입,12,6700,0,80400,N
2026-09-17,리버점,냉장 간편식,RM-101,한끼 소불고기덮밥,23,5900,0,135700,N
2026-09-17,리버점,냉장 간편식,RM-102,매콤 닭갈비볶음밥,20,5500,0,110000,N
2026-09-17,리버점,냉장 간편식,RM-103,훈제오리 샐러드랩,26,6200,0,161200,N
2026-09-17,리버점,냉장 간편식,RM-104,우삼겹 된장찌개,21,6800,0,142800,N
2026-09-17,리버점,냉장 간편식,RM-105,새우 로제파스타,27,7200,0,194400,N
2026-09-17,리버점,냉장 간편식,RM-106,닭가슴살 곤약비빔밥,20,5200,0,104000,N
2026-09-17,리버점,신선식품,FR-201,국내산 삼겹살 500g,13,13900,0,180700,N
2026-09-17,리버점,신선식품,FR-202,친환경 방울토마토,14,4900,0,68600,N
2026-09-17,리버점,신선식품,FR-203,손질 갈치 2미,13,9800,0,127400,N
2026-09-17,리버점,유제품,DR-301,1A 우유 900mL,22,3200,0,70400,N
2026-09-17,리버점,유제품,DR-302,그릭요거트 4입,17,6900,0,117300,N
2026-09-17,리버점,유제품,DR-303,체다 슬라이스 치즈,16,5400,0,86400,N
2026-09-17,리버점,가공식품,PR-401,프리미엄 즉석밥 12입,12,12900,0,154800,N
2026-09-17,리버점,가공식품,PR-402,저염 참치캔 6입,11,11500,0,126500,N
2026-09-17,리버점,가공식품,PR-403,국물용 멸치 200g,12,8900,0,106800,N
2026-09-17,리버점,음료,BV-501,탄산수 500mL 6입,15,4500,0,67500,N
2026-09-17,리버점,음료,BV-502,콜드브루 아메리카노,17,3800,0,64600,N
2026-09-17,리버점,음료,BV-503,제주 감귤주스 1L,18,5600,0,100800,N
2026-09-17,리버점,생활용품,LV-601,3겹 화장지 30롤,9,15900,0,143100,N
2026-09-17,리버점,생활용품,LV-602,주방세제 리필 2입,9,6700,0,60300,N
2026-09-17,파크점,냉장 간편식,RM-101,한끼 소불고기덮밥,24,5900,0,141600,N
2026-09-17,파크점,냉장 간편식,RM-102,매콤 닭갈비볶음밥,28,5500,0,154000,N
2026-09-17,파크점,냉장 간편식,RM-103,훈제오리 샐러드랩,28,6200,0,173600,N
2026-09-17,파크점,냉장 간편식,RM-104,우삼겹 된장찌개,25,6800,0,170000,N
2026-09-17,파크점,냉장 간편식,RM-105,새우 로제파스타,30,7200,0,216000,N
2026-09-17,파크점,냉장 간편식,RM-106,닭가슴살 곤약비빔밥,27,5200,0,140400,N
2026-09-17,파크점,신선식품,FR-201,국내산 삼겹살 500g,15,13900,0,208500,N
2026-09-17,파크점,신선식품,FR-202,친환경 방울토마토,17,4900,0,83300,N
2026-09-17,파크점,신선식품,FR-203,손질 갈치 2미,16,9800,0,156800,N
2026-09-17,파크점,유제품,DR-301,1A 우유 900mL,23,3200,0,73600,N
2026-09-17,파크점,유제품,DR-302,그릭요거트 4입,26,6900,0,179400,N
2026-09-17,파크점,유제품,DR-303,체다 슬라이스 치즈,21,5400,0,113400,N
2026-09-17,파크점,가공식품,PR-401,프리미엄 즉석밥 12입,15,12900,0,193500,N
2026-09-17,파크점,가공식품,PR-402,저염 참치캔 6입,12,11500,0,138000,N
2026-09-17,파크점,가공식품,PR-403,국물용 멸치 200g,15,8900,0,133500,N
2026-09-17,파크점,음료,BV-501,탄산수 500mL 6입,17,4500,0,76500,N
2026-09-17,파크점,음료,BV-502,콜드브루 아메리카노,21,3800,0,79800,N
2026-09-17,파크점,음료,BV-503,제주 감귤주스 1L,22,5600,0,123200,N
2026-09-17,파크점,생활용품,LV-601,3겹 화장지 30롤,8,15900,0,127200,N
2026-09-17,파크점,생활용품,LV-602,주방세제 리필 2입,8,6700,0,53600,N
2026-09-18,센트럴점,냉장 간편식,RM-101,한끼 소불고기덮밥,58,5900,0,342200,N
2026-09-18,센트럴점,냉장 간편식,RM-102,매콤 닭갈비볶음밥,56,5500,0,308000,N
2026-09-18,센트럴점,냉장 간편식,RM-103,훈제오리 샐러드랩,43,6200,0,266600,N
2026-09-18,센트럴점,냉장 간편식,RM-104,우삼겹 된장찌개,55,6800,0,374000,N
2026-09-18,센트럴점,냉장 간편식,RM-105,새우 로제파스타,55,7200,0,396000,N
2026-09-18,센트럴점,냉장 간편식,RM-106,닭가슴살 곤약비빔밥,50,5200,0,260000,N
2026-09-18,센트럴점,신선식품,FR-201,국내산 삼겹살 500g,24,13900,0,333600,N
2026-09-18,센트럴점,신선식품,FR-202,친환경 방울토마토,31,4900,0,151900,N
2026-09-18,센트럴점,신선식품,FR-203,손질 갈치 2미,29,9800,0,284200,N
2026-09-18,센트럴점,유제품,DR-301,1A 우유 900mL,35,3200,0,112000,N
2026-09-18,센트럴점,유제품,DR-302,그릭요거트 4입,40,6900,0,276000,N
2026-09-18,센트럴점,유제품,DR-303,체다 슬라이스 치즈,36,5400,0,194400,N
2026-09-18,센트럴점,가공식품,PR-401,프리미엄 즉석밥 12입,26,12900,0,335400,N
2026-09-18,센트럴점,가공식품,PR-402,저염 참치캔 6입,19,11500,0,218500,N
2026-09-18,센트럴점,가공식품,PR-403,국물용 멸치 200g,21,8900,0,186900,N
2026-09-18,센트럴점,음료,BV-501,탄산수 500mL 6입,39,4500,0,175500,N
2026-09-18,센트럴점,음료,BV-502,콜드브루 아메리카노,32,3800,0,121600,N
2026-09-18,센트럴점,음료,BV-503,제주 감귤주스 1L,32,5600,0,179200,N
2026-09-18,센트럴점,생활용품,LV-601,3겹 화장지 30롤,17,15900,0,270300,N
2026-09-18,센트럴점,생활용품,LV-602,주방세제 리필 2입,17,6700,0,113900,N
2026-09-18,리버점,냉장 간편식,RM-101,한끼 소불고기덮밥,29,5900,0,171100,N
2026-09-18,리버점,냉장 간편식,RM-102,매콤 닭갈비볶음밥,32,5500,0,176000,N
2026-09-18,리버점,냉장 간편식,RM-103,훈제오리 샐러드랩,29,6200,0,179800,N
2026-09-18,리버점,냉장 간편식,RM-104,우삼겹 된장찌개,26,6800,0,176800,N
2026-09-18,리버점,냉장 간편식,RM-105,새우 로제파스타,30,7200,0,216000,N
2026-09-18,리버점,냉장 간편식,RM-106,닭가슴살 곤약비빔밥,30,5200,0,156000,N
2026-09-18,리버점,신선식품,FR-201,국내산 삼겹살 500g,15,13900,0,208500,N
2026-09-18,리버점,신선식품,FR-202,친환경 방울토마토,18,4900,0,88200,N
2026-09-18,리버점,신선식품,FR-203,손질 갈치 2미,17,9800,0,166600,N
2026-09-18,리버점,유제품,DR-301,1A 우유 900mL,20,3200,0,64000,N
2026-09-18,리버점,유제품,DR-302,그릭요거트 4입,25,6900,0,172500,N
2026-09-18,리버점,유제품,DR-303,체다 슬라이스 치즈,21,5400,0,113400,N
2026-09-18,리버점,가공식품,PR-401,프리미엄 즉석밥 12입,13,12900,0,167700,N
2026-09-18,리버점,가공식품,PR-402,저염 참치캔 6입,17,11500,0,195500,N
2026-09-18,리버점,가공식품,PR-403,국물용 멸치 200g,13,8900,0,115700,N
2026-09-18,리버점,음료,BV-501,탄산수 500mL 6입,22,4500,0,99000,N
2026-09-18,리버점,음료,BV-502,콜드브루 아메리카노,23,3800,0,87400,N
2026-09-18,리버점,음료,BV-503,제주 감귤주스 1L,17,5600,0,95200,N
2026-09-18,리버점,생활용품,LV-601,3겹 화장지 30롤,10,15900,0,159000,N
2026-09-18,리버점,생활용품,LV-602,주방세제 리필 2입,11,6700,0,73700,N
2026-09-18,파크점,냉장 간편식,RM-101,한끼 소불고기덮밥,33,5900,0,194700,N
2026-09-18,파크점,냉장 간편식,RM-102,매콤 닭갈비볶음밥,39,5500,0,214500,N
2026-09-18,파크점,냉장 간편식,RM-103,훈제오리 샐러드랩,38,6200,0,235600,N
2026-09-18,파크점,냉장 간편식,RM-104,우삼겹 된장찌개,33,6800,0,224400,N
2026-09-18,파크점,냉장 간편식,RM-105,새우 로제파스타,41,7200,0,295200,N
2026-09-18,파크점,냉장 간편식,RM-106,닭가슴살 곤약비빔밥,31,5200,0,161200,N
2026-09-18,파크점,신선식품,FR-201,국내산 삼겹살 500g,23,13900,0,319700,N
2026-09-18,파크점,신선식품,FR-202,친환경 방울토마토,21,4900,0,102900,N
2026-09-18,파크점,신선식품,FR-203,손질 갈치 2미,23,9800,0,225400,N
2026-09-18,파크점,유제품,DR-301,1A 우유 900mL,33,3200,0,105600,N
2026-09-18,파크점,유제품,DR-302,그릭요거트 4입,29,6900,0,200100,N
2026-09-18,파크점,유제품,DR-303,체다 슬라이스 치즈,25,5400,0,135000,N
2026-09-18,파크점,가공식품,PR-401,프리미엄 즉석밥 12입,20,12900,0,258000,N
2026-09-18,파크점,가공식품,PR-402,저염 참치캔 6입,15,11500,0,172500,N
2026-09-18,파크점,가공식품,PR-403,국물용 멸치 200g,19,8900,0,169100,N
2026-09-18,파크점,음료,BV-501,탄산수 500mL 6입,28,4500,0,126000,N
2026-09-18,파크점,음료,BV-502,콜드브루 아메리카노,23,3800,0,87400,N
2026-09-18,파크점,음료,BV-503,제주 감귤주스 1L,28,5600,0,156800,N
2026-09-18,파크점,생활용품,LV-601,3겹 화장지 30롤,13,15900,0,206700,N
2026-09-18,파크점,생활용품,LV-602,주방세제 리필 2입,13,6700,0,87100,N
2026-09-19,센트럴점,냉장 간편식,RM-101,한끼 소불고기덮밥,54,5900,0,318600,N
2026-09-19,센트럴점,냉장 간편식,RM-102,매콤 닭갈비볶음밥,51,5500,0,280500,N
2026-09-19,센트럴점,냉장 간편식,RM-103,훈제오리 샐러드랩,61,6200,0,378200,N
2026-09-19,센트럴점,냉장 간편식,RM-104,우삼겹 된장찌개,55,6800,0,374000,N
2026-09-19,센트럴점,냉장 간편식,RM-105,새우 로제파스타,56,7200,0,403200,N
2026-09-19,센트럴점,냉장 간편식,RM-106,닭가슴살 곤약비빔밥,55,5200,0,286000,N
2026-09-19,센트럴점,신선식품,FR-201,국내산 삼겹살 500g,29,13900,0,403100,N
2026-09-19,센트럴점,신선식품,FR-202,친환경 방울토마토,36,4900,0,176400,N
2026-09-19,센트럴점,신선식품,FR-203,손질 갈치 2미,26,9800,0,254800,N
2026-09-19,센트럴점,유제품,DR-301,1A 우유 900mL,47,3200,0,150400,N
2026-09-19,센트럴점,유제품,DR-302,그릭요거트 4입,39,6900,0,269100,N
2026-09-19,센트럴점,유제품,DR-303,체다 슬라이스 치즈,50,5400,0,270000,N
2026-09-19,센트럴점,가공식품,PR-401,프리미엄 즉석밥 12입,21,12900,0,270900,N
2026-09-19,센트럴점,가공식품,PR-402,저염 참치캔 6입,22,11500,0,253000,N
2026-09-19,센트럴점,가공식품,PR-403,국물용 멸치 200g,27,8900,0,240300,N
2026-09-19,센트럴점,음료,BV-501,탄산수 500mL 6입,37,4500,0,166500,N
2026-09-19,센트럴점,음료,BV-502,콜드브루 아메리카노,32,3800,0,121600,N
2026-09-19,센트럴점,음료,BV-503,제주 감귤주스 1L,34,5600,0,190400,N
2026-09-19,센트럴점,생활용품,LV-601,3겹 화장지 30롤,18,15900,0,286200,N
2026-09-19,센트럴점,생활용품,LV-602,주방세제 리필 2입,16,6700,0,107200,N
2026-09-19,리버점,냉장 간편식,RM-101,한끼 소불고기덮밥,30,5900,0,177000,N
2026-09-19,리버점,냉장 간편식,RM-102,매콤 닭갈비볶음밥,35,5500,0,192500,N
2026-09-19,리버점,냉장 간편식,RM-103,훈제오리 샐러드랩,34,6200,0,210800,N
2026-09-19,리버점,냉장 간편식,RM-104,우삼겹 된장찌개,39,6800,0,265200,N
2026-09-19,리버점,냉장 간편식,RM-105,새우 로제파스타,32,7200,0,230400,N
2026-09-19,리버점,냉장 간편식,RM-106,닭가슴살 곤약비빔밥,35,5200,0,182000,N
2026-09-19,리버점,신선식품,FR-201,국내산 삼겹살 500g,22,13900,0,305800,N
2026-09-19,리버점,신선식품,FR-202,친환경 방울토마토,19,4900,0,93100,N
2026-09-19,리버점,신선식품,FR-203,손질 갈치 2미,21,9800,0,205800,N
2026-09-19,리버점,유제품,DR-301,1A 우유 900mL,23,3200,0,73600,N
2026-09-19,리버점,유제품,DR-302,그릭요거트 4입,29,6900,0,200100,N
2026-09-19,리버점,유제품,DR-303,체다 슬라이스 치즈,31,5400,0,167400,N
2026-09-19,리버점,가공식품,PR-401,프리미엄 즉석밥 12입,14,12900,0,180600,N
2026-09-19,리버점,가공식품,PR-402,저염 참치캔 6입,14,11500,0,161000,N
2026-09-19,리버점,가공식품,PR-403,국물용 멸치 200g,19,8900,0,169100,N
2026-09-19,리버점,음료,BV-501,탄산수 500mL 6입,26,4500,0,117000,N
2026-09-19,리버점,음료,BV-502,콜드브루 아메리카노,20,3800,0,76000,N
2026-09-19,리버점,음료,BV-503,제주 감귤주스 1L,21,5600,0,117600,N
2026-09-19,리버점,생활용품,LV-601,3겹 화장지 30롤,10,15900,0,159000,N
2026-09-19,리버점,생활용품,LV-602,주방세제 리필 2입,11,6700,0,73700,N
2026-09-19,파크점,냉장 간편식,RM-101,한끼 소불고기덮밥,36,5900,0,212400,N
2026-09-19,파크점,냉장 간편식,RM-102,매콤 닭갈비볶음밥,37,5500,0,203500,N
2026-09-19,파크점,냉장 간편식,RM-103,훈제오리 샐러드랩,40,6200,0,248000,N
2026-09-19,파크점,냉장 간편식,RM-104,우삼겹 된장찌개,38,6800,0,258400,N
2026-09-19,파크점,냉장 간편식,RM-105,새우 로제파스타,43,7200,0,309600,N
2026-09-19,파크점,냉장 간편식,RM-106,닭가슴살 곤약비빔밥,33,5200,0,171600,N
2026-09-19,파크점,신선식품,FR-201,국내산 삼겹살 500g,27,13900,0,375300,N
2026-09-19,파크점,신선식품,FR-202,친환경 방울토마토,25,4900,0,122500,N
2026-09-19,파크점,신선식품,FR-203,손질 갈치 2미,21,9800,0,205800,N
2026-09-19,파크점,유제품,DR-301,1A 우유 900mL,30,3200,0,96000,N
2026-09-19,파크점,유제품,DR-302,그릭요거트 4입,36,6900,0,248400,N
2026-09-19,파크점,유제품,DR-303,체다 슬라이스 치즈,27,5400,0,145800,N
2026-09-19,파크점,가공식품,PR-401,프리미엄 즉석밥 12입,16,12900,0,206400,N
2026-09-19,파크점,가공식품,PR-402,저염 참치캔 6입,17,11500,0,195500,N
2026-09-19,파크점,가공식품,PR-403,국물용 멸치 200g,21,8900,0,186900,N
2026-09-19,파크점,음료,BV-501,탄산수 500mL 6입,25,4500,0,112500,N
2026-09-19,파크점,음료,BV-502,콜드브루 아메리카노,23,3800,0,87400,N
2026-09-19,파크점,음료,BV-503,제주 감귤주스 1L,27,5600,0,151200,N
2026-09-19,파크점,생활용품,LV-601,3겹 화장지 30롤,11,15900,0,174900,N
2026-09-19,파크점,생활용품,LV-602,주방세제 리필 2입,14,6700,0,93800,N
2026-09-20,센트럴점,냉장 간편식,RM-101,한끼 소불고기덮밥,54,5900,0,318600,N
2026-09-20,센트럴점,냉장 간편식,RM-102,매콤 닭갈비볶음밥,40,5500,0,220000,N
2026-09-20,센트럴점,냉장 간편식,RM-103,훈제오리 샐러드랩,45,6200,0,279000,N
2026-09-20,센트럴점,냉장 간편식,RM-104,우삼겹 된장찌개,52,6800,0,353600,N
2026-09-20,센트럴점,냉장 간편식,RM-105,새우 로제파스타,53,7200,0,381600,N
2026-09-20,센트럴점,냉장 간편식,RM-106,닭가슴살 곤약비빔밥,45,5200,0,234000,N
2026-09-20,센트럴점,신선식품,FR-201,국내산 삼겹살 500g,26,13900,0,361400,N
2026-09-20,센트럴점,신선식품,FR-202,친환경 방울토마토,26,4900,0,127400,N
2026-09-20,센트럴점,신선식품,FR-203,손질 갈치 2미,27,9800,0,264600,N
2026-09-20,센트럴점,유제품,DR-301,1A 우유 900mL,30,3200,0,96000,N
2026-09-20,센트럴점,유제품,DR-302,그릭요거트 4입,38,6900,0,262200,N
2026-09-20,센트럴점,유제품,DR-303,체다 슬라이스 치즈,38,5400,0,205200,N
2026-09-20,센트럴점,가공식품,PR-401,프리미엄 즉석밥 12입,20,12900,0,258000,N
2026-09-20,센트럴점,가공식품,PR-402,저염 참치캔 6입,24,11500,0,276000,N
2026-09-20,센트럴점,가공식품,PR-403,국물용 멸치 200g,25,8900,0,222500,N
2026-09-20,센트럴점,음료,BV-501,탄산수 500mL 6입,30,4500,0,135000,N
2026-09-20,센트럴점,음료,BV-502,콜드브루 아메리카노,33,3800,0,125400,N
2026-09-20,센트럴점,음료,BV-503,제주 감귤주스 1L,33,5600,0,184800,N
2026-09-20,센트럴점,생활용품,LV-601,3겹 화장지 30롤,17,15900,0,270300,N
2026-09-20,센트럴점,생활용품,LV-602,주방세제 리필 2입,13,6700,0,87100,N
2026-09-20,리버점,냉장 간편식,RM-101,한끼 소불고기덮밥,30,5900,0,177000,N
2026-09-20,리버점,냉장 간편식,RM-102,매콤 닭갈비볶음밥,28,5500,0,154000,N
2026-09-20,리버점,냉장 간편식,RM-103,훈제오리 샐러드랩,33,6200,0,204600,N
2026-09-20,리버점,냉장 간편식,RM-104,우삼겹 된장찌개,29,6800,0,197200,N
2026-09-20,리버점,냉장 간편식,RM-105,새우 로제파스타,32,7200,0,230400,N
2026-09-20,리버점,냉장 간편식,RM-106,닭가슴살 곤약비빔밥,32,5200,0,166400,N
2026-09-20,리버점,신선식품,FR-201,국내산 삼겹살 500g,18,13900,0,250200,N
2026-09-20,리버점,신선식품,FR-202,친환경 방울토마토,18,4900,0,88200,N
2026-09-20,리버점,신선식품,FR-203,손질 갈치 2미,18,9800,0,176400,N
2026-09-20,리버점,유제품,DR-301,1A 우유 900mL,24,3200,0,76800,N
2026-09-20,리버점,유제품,DR-302,그릭요거트 4입,26,6900,0,179400,N
2026-09-20,리버점,유제품,DR-303,체다 슬라이스 치즈,23,5400,0,124200,N
2026-09-20,리버점,가공식품,PR-401,프리미엄 즉석밥 12입,15,12900,0,193500,N
2026-09-20,리버점,가공식품,PR-402,저염 참치캔 6입,14,11500,0,161000,N
2026-09-20,리버점,가공식품,PR-403,국물용 멸치 200g,12,8900,0,106800,N
2026-09-20,리버점,음료,BV-501,탄산수 500mL 6입,20,4500,0,90000,N
2026-09-20,리버점,음료,BV-502,콜드브루 아메리카노,23,3800,0,87400,N
2026-09-20,리버점,음료,BV-503,제주 감귤주스 1L,18,5600,0,100800,N
2026-09-20,리버점,생활용품,LV-601,3겹 화장지 30롤,10,15900,0,159000,N
2026-09-20,리버점,생활용품,LV-602,주방세제 리필 2입,8,6700,0,53600,N
2026-09-20,파크점,냉장 간편식,RM-101,한끼 소불고기덮밥,35,5900,0,206500,N
2026-09-20,파크점,냉장 간편식,RM-102,매콤 닭갈비볶음밥,32,5500,0,176000,N
2026-09-20,파크점,냉장 간편식,RM-103,훈제오리 샐러드랩,31,6200,0,192200,N
2026-09-20,파크점,냉장 간편식,RM-104,우삼겹 된장찌개,33,6800,0,224400,N
2026-09-20,파크점,냉장 간편식,RM-105,새우 로제파스타,31,7200,0,223200,N
2026-09-20,파크점,냉장 간편식,RM-106,닭가슴살 곤약비빔밥,33,5200,0,171600,N
2026-09-20,파크점,신선식품,FR-201,국내산 삼겹살 500g,17,13900,0,236300,N
2026-09-20,파크점,신선식품,FR-202,친환경 방울토마토,23,4900,0,112700,N
2026-09-20,파크점,신선식품,FR-203,손질 갈치 2미,22,9800,0,215600,N
2026-09-20,파크점,유제품,DR-301,1A 우유 900mL,29,3200,0,92800,N
2026-09-20,파크점,유제품,DR-302,그릭요거트 4입,26,6900,0,179400,N
2026-09-20,파크점,유제품,DR-303,체다 슬라이스 치즈,30,5400,0,162000,N
2026-09-20,파크점,가공식품,PR-401,프리미엄 즉석밥 12입,19,12900,0,245100,N
2026-09-20,파크점,가공식품,PR-402,저염 참치캔 6입,17,11500,0,195500,N
2026-09-20,파크점,가공식품,PR-403,국물용 멸치 200g,14,8900,0,124600,N
2026-09-20,파크점,음료,BV-501,탄산수 500mL 6입,24,4500,0,108000,N
2026-09-20,파크점,음료,BV-502,콜드브루 아메리카노,25,3800,0,95000,N
2026-09-20,파크점,음료,BV-503,제주 감귤주스 1L,25,5600,0,140000,N
2026-09-20,파크점,생활용품,LV-601,3겹 화장지 30롤,12,15900,0,190800,N
2026-09-20,파크점,생활용품,LV-602,주방세제 리필 2입,11,6700,0,73700,N
2026-09-21,센트럴점,냉장 간편식,RM-101,한끼 소불고기덮밥,30,5900,0,177000,N
2026-09-21,센트럴점,냉장 간편식,RM-102,매콤 닭갈비볶음밥,37,5500,0,203500,N
2026-09-21,센트럴점,냉장 간편식,RM-103,훈제오리 샐러드랩,40,6200,0,248000,N
2026-09-21,센트럴점,냉장 간편식,RM-104,우삼겹 된장찌개,41,6800,0,278800,N
2026-09-21,센트럴점,냉장 간편식,RM-105,새우 로제파스타,40,7200,0,288000,N
2026-09-21,센트럴점,냉장 간편식,RM-106,닭가슴살 곤약비빔밥,41,5200,0,213200,N
2026-09-21,센트럴점,신선식품,FR-201,국내산 삼겹살 500g,18,13900,0,250200,N
2026-09-21,센트럴점,신선식품,FR-202,친환경 방울토마토,18,4900,0,88200,N
2026-09-21,센트럴점,신선식품,FR-203,손질 갈치 2미,23,9800,0,225400,N
2026-09-21,센트럴점,유제품,DR-301,1A 우유 900mL,24,3200,0,76800,N
2026-09-21,센트럴점,유제품,DR-302,그릭요거트 4입,27,6900,0,186300,N
2026-09-21,센트럴점,유제품,DR-303,체다 슬라이스 치즈,24,5400,0,129600,N
2026-09-21,센트럴점,가공식품,PR-401,프리미엄 즉석밥 12입,17,12900,0,219300,N
2026-09-21,센트럴점,가공식품,PR-402,저염 참치캔 6입,18,11500,0,207000,N
2026-09-21,센트럴점,가공식품,PR-403,국물용 멸치 200g,17,8900,0,151300,N
2026-09-21,센트럴점,음료,BV-501,탄산수 500mL 6입,23,4500,0,103500,N
2026-09-21,센트럴점,음료,BV-502,콜드브루 아메리카노,25,3800,0,95000,N
2026-09-21,센트럴점,음료,BV-503,제주 감귤주스 1L,23,5600,0,128800,N
2026-09-21,센트럴점,생활용품,LV-601,3겹 화장지 30롤,11,15900,0,174900,N
2026-09-21,센트럴점,생활용품,LV-602,주방세제 리필 2입,11,6700,0,73700,N
2026-09-21,리버점,냉장 간편식,RM-101,한끼 소불고기덮밥,23,5900,0,135700,N
2026-09-21,리버점,냉장 간편식,RM-102,매콤 닭갈비볶음밥,23,5500,0,126500,N
2026-09-21,리버점,냉장 간편식,RM-103,훈제오리 샐러드랩,26,6200,0,161200,N
2026-09-21,리버점,냉장 간편식,RM-104,우삼겹 된장찌개,23,6800,0,156400,N
2026-09-21,리버점,냉장 간편식,RM-105,새우 로제파스타,19,7200,0,136800,N
2026-09-21,리버점,냉장 간편식,RM-106,닭가슴살 곤약비빔밥,26,5200,0,135200,N
2026-09-21,리버점,신선식품,FR-201,국내산 삼겹살 500g,12,13900,0,166800,N
2026-09-21,리버점,신선식품,FR-202,친환경 방울토마토,15,4900,0,73500,N
2026-09-21,리버점,신선식품,FR-203,손질 갈치 2미,12,9800,0,117600,N
2026-09-21,리버점,유제품,DR-301,1A 우유 900mL,16,3200,0,51200,N
2026-09-21,리버점,유제품,DR-302,그릭요거트 4입,17,6900,0,117300,N
2026-09-21,리버점,유제품,DR-303,체다 슬라이스 치즈,16,5400,0,86400,N
2026-09-21,리버점,가공식품,PR-401,프리미엄 즉석밥 12입,11,12900,0,141900,N
2026-09-21,리버점,가공식품,PR-402,저염 참치캔 6입,10,11500,0,115000,N
2026-09-21,리버점,가공식품,PR-403,국물용 멸치 200g,11,8900,0,97900,N
2026-09-21,리버점,음료,BV-501,탄산수 500mL 6입,12,4500,0,54000,N
2026-09-21,리버점,음료,BV-502,콜드브루 아메리카노,16,3800,0,60800,N
2026-09-21,리버점,음료,BV-503,제주 감귤주스 1L,15,5600,0,84000,N
2026-09-21,리버점,생활용품,LV-601,3겹 화장지 30롤,8,15900,0,127200,N
2026-09-21,리버점,생활용품,LV-602,주방세제 리필 2입,6,6700,0,40200,N
2026-09-21,파크점,냉장 간편식,RM-101,한끼 소불고기덮밥,23,5900,0,135700,N
2026-09-21,파크점,냉장 간편식,RM-102,매콤 닭갈비볶음밥,22,5500,0,121000,N
2026-09-21,파크점,냉장 간편식,RM-103,훈제오리 샐러드랩,25,6200,0,155000,N
2026-09-21,파크점,냉장 간편식,RM-104,우삼겹 된장찌개,27,6800,0,183600,N
2026-09-21,파크점,냉장 간편식,RM-105,새우 로제파스타,25,7200,0,180000,N
2026-09-21,파크점,냉장 간편식,RM-106,닭가슴살 곤약비빔밥,22,5200,0,114400,N
2026-09-21,파크점,신선식품,FR-201,국내산 삼겹살 500g,16,13900,0,222400,N
2026-09-21,파크점,신선식품,FR-202,친환경 방울토마토,14,4900,0,68600,N
2026-09-21,파크점,신선식품,FR-203,손질 갈치 2미,13,9800,0,127400,N
2026-09-21,파크점,유제품,DR-301,1A 우유 900mL,20,3200,0,64000,N
2026-09-21,파크점,유제품,DR-302,그릭요거트 4입,20,6900,0,138000,N
2026-09-21,파크점,유제품,DR-303,체다 슬라이스 치즈,20,5400,0,108000,N
2026-09-21,파크점,가공식품,PR-401,프리미엄 즉석밥 12입,12,12900,0,154800,N
2026-09-21,파크점,가공식품,PR-402,저염 참치캔 6입,15,11500,0,172500,N
2026-09-21,파크점,가공식품,PR-403,국물용 멸치 200g,13,8900,0,115700,N
2026-09-21,파크점,음료,BV-501,탄산수 500mL 6입,15,4500,0,67500,N
2026-09-21,파크점,음료,BV-502,콜드브루 아메리카노,17,3800,0,64600,N
2026-09-21,파크점,음료,BV-503,제주 감귤주스 1L,19,5600,0,106400,N
2026-09-21,파크점,생활용품,LV-601,3겹 화장지 30롤,7,15900,0,111300,N
2026-09-21,파크점,생활용품,LV-602,주방세제 리필 2입,9,6700,0,60300,N
2026-09-22,센트럴점,냉장 간편식,RM-101,한끼 소불고기덮밥,31,5900,0,182900,N
2026-09-22,센트럴점,냉장 간편식,RM-102,매콤 닭갈비볶음밥,32,5500,0,176000,N
2026-09-22,센트럴점,냉장 간편식,RM-103,훈제오리 샐러드랩,30,6200,0,186000,N
2026-09-22,센트럴점,냉장 간편식,RM-104,우삼겹 된장찌개,33,6800,0,224400,N
2026-09-22,센트럴점,냉장 간편식,RM-105,새우 로제파스타,30,7200,0,216000,N
2026-09-22,센트럴점,냉장 간편식,RM-106,닭가슴살 곤약비빔밥,35,5200,0,182000,N
2026-09-22,센트럴점,신선식품,FR-201,국내산 삼겹살 500g,18,13900,0,250200,N
2026-09-22,센트럴점,신선식품,FR-202,친환경 방울토마토,19,4900,0,93100,N
2026-09-22,센트럴점,신선식품,FR-203,손질 갈치 2미,22,9800,0,215600,N
2026-09-22,센트럴점,유제품,DR-301,1A 우유 900mL,27,3200,0,86400,N
2026-09-22,센트럴점,유제품,DR-302,그릭요거트 4입,24,6900,0,165600,N
2026-09-22,센트럴점,유제품,DR-303,체다 슬라이스 치즈,25,5400,0,135000,N
2026-09-22,센트럴점,가공식품,PR-401,프리미엄 즉석밥 12입,17,12900,0,219300,N
2026-09-22,센트럴점,가공식품,PR-402,저염 참치캔 6입,17,11500,0,195500,N
2026-09-22,센트럴점,가공식품,PR-403,국물용 멸치 200g,16,8900,0,142400,N
2026-09-22,센트럴점,음료,BV-501,탄산수 500mL 6입,23,4500,0,103500,N
2026-09-22,센트럴점,음료,BV-502,콜드브루 아메리카노,24,3800,0,91200,N
2026-09-22,센트럴점,음료,BV-503,제주 감귤주스 1L,24,5600,0,134400,N
2026-09-22,센트럴점,생활용품,LV-601,3겹 화장지 30롤,10,15900,0,159000,N
2026-09-22,센트럴점,생활용품,LV-602,주방세제 리필 2입,10,6700,0,67000,N
2026-09-22,리버점,냉장 간편식,RM-101,한끼 소불고기덮밥,19,5900,0,112100,N
2026-09-22,리버점,냉장 간편식,RM-102,매콤 닭갈비볶음밥,19,5500,0,104500,N
2026-09-22,리버점,냉장 간편식,RM-103,훈제오리 샐러드랩,22,6200,0,136400,N
2026-09-22,리버점,냉장 간편식,RM-104,우삼겹 된장찌개,24,6800,0,163200,N
2026-09-22,리버점,냉장 간편식,RM-105,새우 로제파스타,19,7200,0,136800,N
2026-09-22,리버점,냉장 간편식,RM-106,닭가슴살 곤약비빔밥,24,5200,0,124800,N
2026-09-22,리버점,신선식품,FR-201,국내산 삼겹살 500g,13,13900,0,180700,N
2026-09-22,리버점,신선식품,FR-202,친환경 방울토마토,12,4900,0,58800,N
2026-09-22,리버점,신선식품,FR-203,손질 갈치 2미,14,9800,0,137200,N
2026-09-22,리버점,유제품,DR-301,1A 우유 900mL,18,3200,0,57600,N
2026-09-22,리버점,유제품,DR-302,그릭요거트 4입,16,6900,0,110400,N
2026-09-22,리버점,유제품,DR-303,체다 슬라이스 치즈,15,5400,0,81000,N
2026-09-22,리버점,가공식품,PR-401,프리미엄 즉석밥 12입,11,12900,0,141900,N
2026-09-22,리버점,가공식품,PR-402,저염 참치캔 6입,10,11500,0,115000,N
2026-09-22,리버점,가공식품,PR-403,국물용 멸치 200g,9,8900,0,80100,N
2026-09-22,리버점,음료,BV-501,탄산수 500mL 6입,12,4500,0,54000,N
2026-09-22,리버점,음료,BV-502,콜드브루 아메리카노,16,3800,0,60800,N
2026-09-22,리버점,음료,BV-503,제주 감귤주스 1L,15,5600,0,84000,N
2026-09-22,리버점,생활용품,LV-601,3겹 화장지 30롤,6,15900,0,95400,N
2026-09-22,리버점,생활용품,LV-602,주방세제 리필 2입,6,6700,0,40200,N
2026-09-22,파크점,냉장 간편식,RM-101,한끼 소불고기덮밥,24,5900,0,141600,N
2026-09-22,파크점,냉장 간편식,RM-102,매콤 닭갈비볶음밥,28,5500,0,154000,N
2026-09-22,파크점,냉장 간편식,RM-103,훈제오리 샐러드랩,27,6200,0,167400,N
2026-09-22,파크점,냉장 간편식,RM-104,우삼겹 된장찌개,27,6800,0,183600,N
2026-09-22,파크점,냉장 간편식,RM-105,새우 로제파스타,29,7200,0,208800,N
2026-09-22,파크점,냉장 간편식,RM-106,닭가슴살 곤약비빔밥,22,5200,0,114400,N
2026-09-22,파크점,신선식품,FR-201,국내산 삼겹살 500g,15,13900,0,208500,N
2026-09-22,파크점,신선식품,FR-202,친환경 방울토마토,15,4900,0,73500,N
2026-09-22,파크점,신선식품,FR-203,손질 갈치 2미,14,9800,0,137200,N
2026-09-22,파크점,유제품,DR-301,1A 우유 900mL,21,3200,0,67200,N
2026-09-22,파크점,유제품,DR-302,그릭요거트 4입,19,6900,0,131100,N
2026-09-22,파크점,유제품,DR-303,체다 슬라이스 치즈,23,5400,0,124200,N
2026-09-22,파크점,가공식품,PR-401,프리미엄 즉석밥 12입,12,12900,0,154800,N
2026-09-22,파크점,가공식품,PR-402,저염 참치캔 6입,10,11500,0,115000,N
2026-09-22,파크점,가공식품,PR-403,국물용 멸치 200g,10,8900,0,89000,N
2026-09-22,파크점,음료,BV-501,탄산수 500mL 6입,18,4500,0,81000,N
2026-09-22,파크점,음료,BV-502,콜드브루 아메리카노,16,3800,0,60800,N
2026-09-22,파크점,음료,BV-503,제주 감귤주스 1L,19,5600,0,106400,N
2026-09-22,파크점,생활용품,LV-601,3겹 화장지 30롤,7,15900,0,111300,N
2026-09-22,파크점,생활용품,LV-602,주방세제 리필 2입,7,6700,0,46900,N
2026-09-23,센트럴점,냉장 간편식,RM-101,한끼 소불고기덮밥,32,5900,0,188800,N
2026-09-23,센트럴점,냉장 간편식,RM-102,매콤 닭갈비볶음밥,32,5500,0,176000,N
2026-09-23,센트럴점,냉장 간편식,RM-103,훈제오리 샐러드랩,39,6200,0,241800,N
2026-09-23,센트럴점,냉장 간편식,RM-104,우삼겹 된장찌개,32,6800,0,217600,N
2026-09-23,센트럴점,냉장 간편식,RM-105,새우 로제파스타,30,7200,0,216000,N
2026-09-23,센트럴점,냉장 간편식,RM-106,닭가슴살 곤약비빔밥,35,5200,0,182000,N
2026-09-23,센트럴점,신선식품,FR-201,국내산 삼겹살 500g,24,13900,0,333600,N
2026-09-23,센트럴점,신선식품,FR-202,친환경 방울토마토,24,4900,0,117600,N
2026-09-23,센트럴점,신선식품,FR-203,손질 갈치 2미,18,9800,0,176400,N
2026-09-23,센트럴점,유제품,DR-301,1A 우유 900mL,31,3200,0,99200,N
2026-09-23,센트럴점,유제품,DR-302,그릭요거트 4입,25,6900,0,172500,N
2026-09-23,센트럴점,유제품,DR-303,체다 슬라이스 치즈,33,5400,0,178200,N
2026-09-23,센트럴점,가공식품,PR-401,프리미엄 즉석밥 12입,16,12900,0,206400,N
2026-09-23,센트럴점,가공식품,PR-402,저염 참치캔 6입,15,11500,0,172500,N
2026-09-23,센트럴점,가공식품,PR-403,국물용 멸치 200g,19,8900,0,169100,N
2026-09-23,센트럴점,음료,BV-501,탄산수 500mL 6입,25,4500,0,112500,N
2026-09-23,센트럴점,음료,BV-502,콜드브루 아메리카노,25,3800,0,95000,N
2026-09-23,센트럴점,음료,BV-503,제주 감귤주스 1L,26,5600,0,145600,N
2026-09-23,센트럴점,생활용품,LV-601,3겹 화장지 30롤,10,15900,0,159000,N
2026-09-23,센트럴점,생활용품,LV-602,주방세제 리필 2입,13,6700,0,87100,N
2026-09-23,리버점,냉장 간편식,RM-101,한끼 소불고기덮밥,25,5900,0,147500,N
2026-09-23,리버점,냉장 간편식,RM-102,매콤 닭갈비볶음밥,26,5500,0,143000,N
2026-09-23,리버점,냉장 간편식,RM-103,훈제오리 샐러드랩,21,6200,0,130200,N
2026-09-23,리버점,냉장 간편식,RM-104,우삼겹 된장찌개,23,6800,0,156400,N
2026-09-23,리버점,냉장 간편식,RM-105,새우 로제파스타,19,7200,0,136800,N
2026-09-23,리버점,냉장 간편식,RM-106,닭가슴살 곤약비빔밥,25,5200,0,130000,N
2026-09-23,리버점,신선식품,FR-201,국내산 삼겹살 500g,12,13900,0,166800,N
2026-09-23,리버점,신선식품,FR-202,친환경 방울토마토,15,4900,0,73500,N
2026-09-23,리버점,신선식품,FR-203,손질 갈치 2미,14,9800,0,137200,N
2026-09-23,리버점,유제품,DR-301,1A 우유 900mL,18,3200,0,57600,N
2026-09-23,리버점,유제품,DR-302,그릭요거트 4입,19,6900,0,131100,N
2026-09-23,리버점,유제품,DR-303,체다 슬라이스 치즈,21,5400,0,113400,N
2026-09-23,리버점,가공식품,PR-401,프리미엄 즉석밥 12입,12,12900,0,154800,N
2026-09-23,리버점,가공식품,PR-402,저염 참치캔 6입,11,11500,0,126500,N
2026-09-23,리버점,가공식품,PR-403,국물용 멸치 200g,13,8900,0,115700,N
2026-09-23,리버점,음료,BV-501,탄산수 500mL 6입,14,4500,0,63000,N
2026-09-23,리버점,음료,BV-502,콜드브루 아메리카노,14,3800,0,53200,N
2026-09-23,리버점,음료,BV-503,제주 감귤주스 1L,13,5600,0,72800,N
2026-09-23,리버점,생활용품,LV-601,3겹 화장지 30롤,7,15900,0,111300,N
2026-09-23,리버점,생활용품,LV-602,주방세제 리필 2입,7,6700,0,46900,N
2026-09-23,파크점,냉장 간편식,RM-101,한끼 소불고기덮밥,26,5900,0,153400,N
2026-09-23,파크점,냉장 간편식,RM-102,매콤 닭갈비볶음밥,26,5500,0,143000,N
2026-09-23,파크점,냉장 간편식,RM-103,훈제오리 샐러드랩,26,6200,0,161200,N
2026-09-23,파크점,냉장 간편식,RM-104,우삼겹 된장찌개,27,6800,0,183600,N
2026-09-23,파크점,냉장 간편식,RM-105,새우 로제파스타,26,7200,0,187200,N
2026-09-23,파크점,냉장 간편식,RM-106,닭가슴살 곤약비빔밥,25,5200,0,130000,N
2026-09-23,파크점,신선식품,FR-201,국내산 삼겹살 500g,18,13900,0,250200,N
2026-09-23,파크점,신선식품,FR-202,친환경 방울토마토,16,4900,0,78400,N
2026-09-23,파크점,신선식품,FR-203,손질 갈치 2미,18,9800,0,176400,N
2026-09-23,파크점,유제품,DR-301,1A 우유 900mL,22,3200,0,70400,N
2026-09-23,파크점,유제품,DR-302,그릭요거트 4입,18,6900,0,124200,N
2026-09-23,파크점,유제품,DR-303,체다 슬라이스 치즈,18,5400,0,97200,N
2026-09-23,파크점,가공식품,PR-401,프리미엄 즉석밥 12입,13,12900,0,167700,N
2026-09-23,파크점,가공식품,PR-402,저염 참치캔 6입,12,11500,0,138000,N
2026-09-23,파크점,가공식품,PR-403,국물용 멸치 200g,14,8900,0,124600,N
2026-09-23,파크점,음료,BV-501,탄산수 500mL 6입,18,4500,0,81000,N
2026-09-23,파크점,음료,BV-502,콜드브루 아메리카노,19,3800,0,72200,N
2026-09-23,파크점,음료,BV-503,제주 감귤주스 1L,17,5600,0,95200,N
2026-09-23,파크점,생활용품,LV-601,3겹 화장지 30롤,9,15900,0,143100,N
2026-09-23,파크점,생활용품,LV-602,주방세제 리필 2입,10,6700,0,67000,N
2026-09-24,센트럴점,냉장 간편식,RM-101,한끼 소불고기덮밥,37,5900,0,218300,N
2026-09-24,센트럴점,냉장 간편식,RM-102,매콤 닭갈비볶음밥,45,5500,0,247500,N
2026-09-24,센트럴점,냉장 간편식,RM-103,훈제오리 샐러드랩,36,6200,0,223200,N
2026-09-24,센트럴점,냉장 간편식,RM-104,우삼겹 된장찌개,41,6800,0,278800,N
2026-09-24,센트럴점,냉장 간편식,RM-105,새우 로제파스타,36,7200,0,259200,N
2026-09-24,센트럴점,냉장 간편식,RM-106,닭가슴살 곤약비빔밥,36,5200,0,187200,N
2026-09-24,센트럴점,신선식품,FR-201,국내산 삼겹살 500g,22,13900,0,305800,N
2026-09-24,센트럴점,신선식품,FR-202,친환경 방울토마토,24,4900,0,117600,N
2026-09-24,센트럴점,신선식품,FR-203,손질 갈치 2미,22,9800,0,215600,N
2026-09-24,센트럴점,유제품,DR-301,1A 우유 900mL,27,3200,0,86400,N
2026-09-24,센트럴점,유제품,DR-302,그릭요거트 4입,34,6900,0,234600,N
2026-09-24,센트럴점,유제품,DR-303,체다 슬라이스 치즈,33,5400,0,178200,N
2026-09-24,센트럴점,가공식품,PR-401,프리미엄 즉석밥 12입,21,12900,0,270900,N
2026-09-24,센트럴점,가공식품,PR-402,저염 참치캔 6입,21,11500,0,241500,N
2026-09-24,센트럴점,가공식품,PR-403,국물용 멸치 200g,22,8900,0,195800,N
2026-09-24,센트럴점,음료,BV-501,탄산수 500mL 6입,24,4500,0,108000,N
2026-09-24,센트럴점,음료,BV-502,콜드브루 아메리카노,27,3800,0,102600,N
2026-09-24,센트럴점,음료,BV-503,제주 감귤주스 1L,26,5600,0,145600,N
2026-09-24,센트럴점,생활용품,LV-601,3겹 화장지 30롤,14,15900,0,222600,N
2026-09-24,센트럴점,생활용품,LV-602,주방세제 리필 2입,10,6700,0,67000,N
2026-09-24,리버점,냉장 간편식,RM-101,한끼 소불고기덮밥,21,5900,0,123900,N
2026-09-24,리버점,냉장 간편식,RM-102,매콤 닭갈비볶음밥,22,5500,0,121000,N
2026-09-24,리버점,냉장 간편식,RM-103,훈제오리 샐러드랩,21,6200,0,130200,N
2026-09-24,리버점,냉장 간편식,RM-104,우삼겹 된장찌개,25,6800,0,170000,N
2026-09-24,리버점,냉장 간편식,RM-105,새우 로제파스타,20,7200,0,144000,N
2026-09-24,리버점,냉장 간편식,RM-106,닭가슴살 곤약비빔밥,28,5200,0,145600,N
2026-09-24,리버점,신선식품,FR-201,국내산 삼겹살 500g,13,13900,0,180700,N
2026-09-24,리버점,신선식품,FR-202,친환경 방울토마토,16,4900,0,78400,N
2026-09-24,리버점,신선식품,FR-203,손질 갈치 2미,15,9800,0,147000,N
2026-09-24,리버점,유제품,DR-301,1A 우유 900mL,18,3200,0,57600,N
2026-09-24,리버점,유제품,DR-302,그릭요거트 4입,18,6900,0,124200,N
2026-09-24,리버점,유제품,DR-303,체다 슬라이스 치즈,17,5400,0,91800,N
2026-09-24,리버점,가공식품,PR-401,프리미엄 즉석밥 12입,10,12900,0,129000,N
2026-09-24,리버점,가공식품,PR-402,저염 참치캔 6입,13,11500,0,149500,N
2026-09-24,리버점,가공식품,PR-403,국물용 멸치 200g,13,8900,0,115700,N
2026-09-24,리버점,음료,BV-501,탄산수 500mL 6입,18,4500,0,81000,N
2026-09-24,리버점,음료,BV-502,콜드브루 아메리카노,17,3800,0,64600,N
2026-09-24,리버점,음료,BV-503,제주 감귤주스 1L,17,5600,0,95200,N
2026-09-24,리버점,생활용품,LV-601,3겹 화장지 30롤,9,15900,0,143100,N
2026-09-24,리버점,생활용품,LV-602,주방세제 리필 2입,7,6700,0,46900,N
2026-09-24,파크점,냉장 간편식,RM-101,한끼 소불고기덮밥,31,5900,0,182900,N
2026-09-24,파크점,냉장 간편식,RM-102,매콤 닭갈비볶음밥,33,5500,0,181500,N
2026-09-24,파크점,냉장 간편식,RM-103,훈제오리 샐러드랩,32,6200,0,198400,N
2026-09-24,파크점,냉장 간편식,RM-104,우삼겹 된장찌개,25,6800,0,170000,N
2026-09-24,파크점,냉장 간편식,RM-105,새우 로제파스타,29,7200,0,208800,N
2026-09-24,파크점,냉장 간편식,RM-106,닭가슴살 곤약비빔밥,26,5200,0,135200,N
2026-09-24,파크점,신선식품,FR-201,국내산 삼겹살 500g,15,13900,0,208500,N
2026-09-24,파크점,신선식품,FR-202,친환경 방울토마토,20,4900,0,98000,N
2026-09-24,파크점,신선식품,FR-203,손질 갈치 2미,17,9800,0,166600,N
2026-09-24,파크점,유제품,DR-301,1A 우유 900mL,19,3200,0,60800,N
2026-09-24,파크점,유제품,DR-302,그릭요거트 4입,27,6900,0,186300,N
2026-09-24,파크점,유제품,DR-303,체다 슬라이스 치즈,26,5400,0,140400,N
2026-09-24,파크점,가공식품,PR-401,프리미엄 즉석밥 12입,12,12900,0,154800,N
2026-09-24,파크점,가공식품,PR-402,저염 참치캔 6입,12,11500,0,138000,N
2026-09-24,파크점,가공식품,PR-403,국물용 멸치 200g,13,8900,0,115700,N
2026-09-24,파크점,음료,BV-501,탄산수 500mL 6입,19,4500,0,85500,N
2026-09-24,파크점,음료,BV-502,콜드브루 아메리카노,22,3800,0,83600,N
2026-09-24,파크점,음료,BV-503,제주 감귤주스 1L,19,5600,0,106400,N
2026-09-24,파크점,생활용품,LV-601,3겹 화장지 30롤,9,15900,0,143100,N
2026-09-24,파크점,생활용품,LV-602,주방세제 리필 2입,8,6700,0,53600,N
